/* data.sql  (id as uuid)*/
insert into member (id, name, alias, email, type) values ('00000000-0000-0000-0000-000000000001', 'Name 1', null, 'name.1@graphql-java.com', 'ADMIN'); 
insert into member (id, name, alias, email, type) values ('00000000-0000-0000-0000-000000000002', 'Name 2', 'Alias of Name 2', 'name.2@graphql-java.com', 'MODERATOR'); 
insert into member (id, name, alias, email, type) values ('00000000-0000-0000-0000-000000000003', 'Name 3', null, 'name.3@graphql-java.com', 'STANDARD'); 
insert into member (id, name, alias, email, type) values ('00000000-0000-0000-0000-000000000004', 'Name 4', 'Alias of Name 4', 'name.4@graphql-java.com', 'ADMIN'); 
insert into member (id, name, alias, email, type) values ('00000000-0000-0000-0000-000000000005', 'Name 5', null, 'name.5@graphql-java.com', 'MODERATOR'); 
insert into member (id, name, alias, email, type) values ('00000000-0000-0000-0000-000000000006', 'Name 6', 'Alias of Name 6', 'name.6@graphql-java.com', 'STANDARD'); 
insert into member (id, name, alias, email, type) values ('00000000-0000-0000-0000-000000000007', 'Name 7', null, 'name.7@graphql-java.com', 'ADMIN'); 
insert into member (id, name, alias, email, type) values ('00000000-0000-0000-0000-000000000008', 'Name 8', 'Alias of Name 8', 'name.8@graphql-java.com', 'MODERATOR'); 
insert into member (id, name, alias, email, type) values ('00000000-0000-0000-0000-000000000009', 'Name 9', null, 'name.9@graphql-java.com', 'STANDARD'); 
insert into member (id, name, alias, email, type) values ('00000000-0000-0000-0000-00000000000A', 'Name 10', 'Alias of Name 10', 'name.10@graphql-java.com', 'ADMIN'); 
insert into member (id, name, alias, email, type) values ('00000000-0000-0000-0000-00000000000B', 'Name 11', null, 'name.11@graphql-java.com', 'MODERATOR'); 
insert into member (id, name, alias, email, type) values ('00000000-0000-0000-0000-00000000000C', 'Name 12', 'Alias of Name 12', 'name.12@graphql-java.com', 'STANDARD'); 
insert into member (id, name, alias, email, type) values ('00000000-0000-0000-0000-00000000000D', 'Name 13', null, 'name.13@graphql-java.com', 'ADMIN'); 
insert into member (id, name, alias, email, type) values ('00000000-0000-0000-0000-00000000000E', 'Name 14', 'Alias of Name 14', 'name.14@graphql-java.com', 'MODERATOR'); 
insert into member (id, name, alias, email, type) values ('00000000-0000-0000-0000-00000000000F', 'Name 15', null, 'name.15@graphql-java.com', 'STANDARD'); 
insert into member (id, name, alias, email, type) values ('00000000-0000-0000-0000-000000000010', 'Name 16', 'Alias of Name 16', 'name.16@graphql-java.com', 'ADMIN'); 
insert into member (id, name, alias, email, type) values ('00000000-0000-0000-0000-000000000011', 'Name 17', null, 'name.17@graphql-java.com', 'MODERATOR'); 
insert into member (id, name, alias, email, type) values ('00000000-0000-0000-0000-000000000012', 'Name 18', 'Alias of Name 18', 'name.18@graphql-java.com', 'STANDARD'); 
insert into member (id, name, alias, email, type) values ('00000000-0000-0000-0000-000000000013', 'Name 19', null, 'name.19@graphql-java.com', 'ADMIN'); 
insert into member (id, name, alias, email, type) values ('00000000-0000-0000-0000-000000000014', 'Name 20', 'Alias of Name 20', 'name.20@graphql-java.com', 'MODERATOR'); 
insert into member (id, name, alias, email, type) values ('00000000-0000-0000-0000-000000000015', 'Name 21', null, 'name.21@graphql-java.com', 'STANDARD'); 
insert into member (id, name, alias, email, type) values ('00000000-0000-0000-0000-000000000016', 'Name 22', 'Alias of Name 22', 'name.22@graphql-java.com', 'ADMIN'); 
insert into member (id, name, alias, email, type) values ('00000000-0000-0000-0000-000000000017', 'Name 23', null, 'name.23@graphql-java.com', 'MODERATOR'); 
insert into member (id, name, alias, email, type) values ('00000000-0000-0000-0000-000000000018', 'Name 24', 'Alias of Name 24', 'name.24@graphql-java.com', 'STANDARD'); 
insert into member (id, name, alias, email, type) values ('00000000-0000-0000-0000-000000000019', 'Name 25', null, 'name.25@graphql-java.com', 'ADMIN'); 
insert into member (id, name, alias, email, type) values ('00000000-0000-0000-0000-00000000001A', 'Name 26', 'Alias of Name 26', 'name.26@graphql-java.com', 'MODERATOR'); 
insert into member (id, name, alias, email, type) values ('00000000-0000-0000-0000-00000000001B', 'Name 27', null, 'name.27@graphql-java.com', 'STANDARD'); 
insert into member (id, name, alias, email, type) values ('00000000-0000-0000-0000-00000000001C', 'Name 28', 'Alias of Name 28', 'name.28@graphql-java.com', 'ADMIN'); 
insert into member (id, name, alias, email, type) values ('00000000-0000-0000-0000-00000000001D', 'Name 29', null, 'name.29@graphql-java.com', 'MODERATOR'); 
insert into member (id, name, alias, email, type) values ('00000000-0000-0000-0000-00000000001E', 'Name 30', 'Alias of Name 30', 'name.30@graphql-java.com', 'STANDARD'); 
insert into member (id, name, alias, email, type) values ('00000000-0000-0000-0000-00000000001F', 'Name 31', null, 'name.31@graphql-java.com', 'ADMIN'); 
insert into member (id, name, alias, email, type) values ('00000000-0000-0000-0000-000000000020', 'Name 32', 'Alias of Name 32', 'name.32@graphql-java.com', 'MODERATOR'); 
insert into member (id, name, alias, email, type) values ('00000000-0000-0000-0000-000000000021', 'Name 33', null, 'name.33@graphql-java.com', 'STANDARD'); 
insert into member (id, name, alias, email, type) values ('00000000-0000-0000-0000-000000000022', 'Name 34', 'Alias of Name 34', 'name.34@graphql-java.com', 'ADMIN'); 
insert into member (id, name, alias, email, type) values ('00000000-0000-0000-0000-000000000023', 'Name 35', null, 'name.35@graphql-java.com', 'MODERATOR'); 
insert into member (id, name, alias, email, type) values ('00000000-0000-0000-0000-000000000024', 'Name 36', 'Alias of Name 36', 'name.36@graphql-java.com', 'STANDARD'); 
insert into member (id, name, alias, email, type) values ('00000000-0000-0000-0000-000000000025', 'Name 37', null, 'name.37@graphql-java.com', 'ADMIN'); 
insert into member (id, name, alias, email, type) values ('00000000-0000-0000-0000-000000000026', 'Name 38', 'Alias of Name 38', 'name.38@graphql-java.com', 'MODERATOR'); 
insert into member (id, name, alias, email, type) values ('00000000-0000-0000-0000-000000000027', 'Name 39', null, 'name.39@graphql-java.com', 'STANDARD'); 
insert into member (id, name, alias, email, type) values ('00000000-0000-0000-0000-000000000028', 'Name 40', 'Alias of Name 40', 'name.40@graphql-java.com', 'ADMIN'); 
insert into member (id, name, alias, email, type) values ('00000000-0000-0000-0000-000000000029', 'Name 41', null, 'name.41@graphql-java.com', 'MODERATOR'); 
insert into member (id, name, alias, email, type) values ('00000000-0000-0000-0000-00000000002A', 'Name 42', 'Alias of Name 42', 'name.42@graphql-java.com', 'STANDARD'); 
insert into member (id, name, alias, email, type) values ('00000000-0000-0000-0000-00000000002B', 'Name 43', null, 'name.43@graphql-java.com', 'ADMIN'); 
insert into member (id, name, alias, email, type) values ('00000000-0000-0000-0000-00000000002C', 'Name 44', 'Alias of Name 44', 'name.44@graphql-java.com', 'MODERATOR'); 
insert into board (id, name, publicly_available) values ('00000000-0000-0000-0000-000000000001', 'Board name 1', true);
insert into board (id, name, publicly_available) values ('00000000-0000-0000-0000-000000000002', 'Board name 2', false);
insert into board (id, name, publicly_available) values ('00000000-0000-0000-0000-000000000003', 'Board name 3', true);
insert into board (id, name, publicly_available) values ('00000000-0000-0000-0000-000000000004', 'Board name 4', true);
insert into board (id, name, publicly_available) values ('00000000-0000-0000-0000-000000000005', 'Board name 5', false);
insert into board (id, name, publicly_available) values ('00000000-0000-0000-0000-000000000006', 'Board name 6', true);
insert into board (id, name, publicly_available) values ('00000000-0000-0000-0000-000000000007', 'Board name 7', true);
insert into board (id, name, publicly_available) values ('00000000-0000-0000-0000-000000000008', 'Board name 8', false);
insert into board (id, name, publicly_available) values ('00000000-0000-0000-0000-000000000009', 'Board name 9', true);
insert into board (id, name, publicly_available) values ('00000000-0000-0000-0000-00000000000A', 'Board name 10', true);
insert into topic (id, board_id, date, author_id, publicly_available, nb_posts, title, content) values ('00000000-0000-0000-0000-000000000001', '00000000-0000-0000-0000-000000000001', '2018-12-30 12:56:10', '00000000-0000-0000-0000-000000000001', true, 1, 'The title of <1>', 'The content of the topic <1>');
insert into topic (id, board_id, date, author_id, publicly_available, nb_posts, title, content) values ('00000000-0000-0000-0000-000000000002', '00000000-0000-0000-0000-000000000002', '2018-12-29 13:57:10', '00000000-0000-0000-0000-000000000002', true, 2, 'The title of <2>', 'The content of the topic <2>');
insert into topic (id, board_id, date, author_id, publicly_available, nb_posts, title, content) values ('00000000-0000-0000-0000-000000000003', '00000000-0000-0000-0000-000000000003', '2018-12-28 14:58:10', '00000000-0000-0000-0000-000000000003', true, 3, 'The title of <3>', 'The content of the topic <3>');
insert into topic (id, board_id, date, author_id, publicly_available, nb_posts, title, content) values ('00000000-0000-0000-0000-000000000004', '00000000-0000-0000-0000-000000000004', '2018-12-27 15:59:10', '00000000-0000-0000-0000-000000000004', true, 4, 'The title of <4>', 'The content of the topic <4>');
insert into topic (id, board_id, date, author_id, publicly_available, nb_posts, title, content) values ('00000000-0000-0000-0000-000000000005', '00000000-0000-0000-0000-000000000005', '2018-12-26 17:00:10', '00000000-0000-0000-0000-000000000005', true, 5, 'The title of <5>', 'The content of the topic <5>');
insert into topic (id, board_id, date, author_id, publicly_available, nb_posts, title, content) values ('00000000-0000-0000-0000-000000000006', '00000000-0000-0000-0000-000000000006', '2018-12-25 18:01:10', '00000000-0000-0000-0000-000000000006', true, 6, 'The title of <6>', 'The content of the topic <6>');
insert into topic (id, board_id, date, author_id, publicly_available, nb_posts, title, content) values ('00000000-0000-0000-0000-000000000007', '00000000-0000-0000-0000-000000000007', '2018-12-24 19:02:10', '00000000-0000-0000-0000-000000000007', true, 7, 'The title of <7>', 'The content of the topic <7>');
insert into topic (id, board_id, date, author_id, publicly_available, nb_posts, title, content) values ('00000000-0000-0000-0000-000000000008', '00000000-0000-0000-0000-000000000008', '2018-12-23 20:03:10', '00000000-0000-0000-0000-000000000008', true, 8, 'The title of <8>', 'The content of the topic <8>');
insert into topic (id, board_id, date, author_id, publicly_available, nb_posts, title, content) values ('00000000-0000-0000-0000-000000000009', '00000000-0000-0000-0000-000000000009', '2018-12-22 21:04:10', '00000000-0000-0000-0000-000000000009', false, 9, 'The title of <9>', 'The content of the topic <9>');
insert into topic (id, board_id, date, author_id, publicly_available, nb_posts, title, content) values ('00000000-0000-0000-0000-00000000000A', '00000000-0000-0000-0000-00000000000A', '2018-12-21 22:05:10', '00000000-0000-0000-0000-00000000000A', true, 10, 'The title of <10>', 'The content of the topic <10>');
insert into topic (id, board_id, date, author_id, publicly_available, nb_posts, title, content) values ('00000000-0000-0000-0000-00000000000B', '00000000-0000-0000-0000-000000000001', '2018-12-20 23:06:10', '00000000-0000-0000-0000-00000000000B', true, 11, 'The title of <11>', 'The content of the topic <11>');
insert into topic (id, board_id, date, author_id, publicly_available, nb_posts, title, content) values ('00000000-0000-0000-0000-00000000000C', '00000000-0000-0000-0000-000000000002', '2018-12-20 00:07:10', '00000000-0000-0000-0000-00000000000C', true, 12, 'The title of <12>', 'The content of the topic <12>');
insert into topic (id, board_id, date, author_id, publicly_available, nb_posts, title, content) values ('00000000-0000-0000-0000-00000000000D', '00000000-0000-0000-0000-000000000003', '2018-12-19 01:08:10', '00000000-0000-0000-0000-00000000000D', true, 13, 'The title of <13>', 'The content of the topic <13>');
insert into topic (id, board_id, date, author_id, publicly_available, nb_posts, title, content) values ('00000000-0000-0000-0000-00000000000E', '00000000-0000-0000-0000-000000000004', '2018-12-18 02:09:10', '00000000-0000-0000-0000-00000000000E', true, 14, 'The title of <14>', 'The content of the topic <14>');
insert into topic (id, board_id, date, author_id, publicly_available, nb_posts, title, content) values ('00000000-0000-0000-0000-00000000000F', '00000000-0000-0000-0000-000000000005', '2018-12-17 02:10:10', '00000000-0000-0000-0000-00000000000F', true, 15, 'The title of <15>', 'The content of the topic <15>');
insert into topic (id, board_id, date, author_id, publicly_available, nb_posts, title, content) values ('00000000-0000-0000-0000-000000000010', '00000000-0000-0000-0000-000000000006', '2018-12-16 03:11:10', '00000000-0000-0000-0000-000000000010', true, 16, 'The title of <16>', 'The content of the topic <16>');
insert into topic (id, board_id, date, author_id, publicly_available, nb_posts, title, content) values ('00000000-0000-0000-0000-000000000011', '00000000-0000-0000-0000-000000000007', '2018-12-15 04:12:10', '00000000-0000-0000-0000-000000000011', true, 17, 'The title of <17>', 'The content of the topic <17>');
insert into topic (id, board_id, date, author_id, publicly_available, nb_posts, title, content) values ('00000000-0000-0000-0000-000000000012', '00000000-0000-0000-0000-000000000008', '2018-12-14 05:13:10', '00000000-0000-0000-0000-000000000012', true, 18, 'The title of <18>', 'The content of the topic <18>');
insert into topic (id, board_id, date, author_id, publicly_available, nb_posts, title, content) values ('00000000-0000-0000-0000-000000000013', '00000000-0000-0000-0000-000000000009', '2018-12-13 06:14:10', '00000000-0000-0000-0000-000000000013', false, 19, 'The title of <19>', 'The content of the topic <19>');
insert into topic (id, board_id, date, author_id, publicly_available, nb_posts, title, content) values ('00000000-0000-0000-0000-000000000014', '00000000-0000-0000-0000-00000000000A', '2018-12-12 07:15:10', '00000000-0000-0000-0000-000000000014', true, 20, 'The title of <20>', 'The content of the topic <20>');
insert into topic (id, board_id, date, author_id, publicly_available, nb_posts, title, content) values ('00000000-0000-0000-0000-000000000015', '00000000-0000-0000-0000-000000000001', '2018-12-11 08:16:10', '00000000-0000-0000-0000-000000000015', true, 21, 'The title of <21>', 'The content of the topic <21>');
insert into topic (id, board_id, date, author_id, publicly_available, nb_posts, title, content) values ('00000000-0000-0000-0000-000000000016', '00000000-0000-0000-0000-000000000002', '2018-12-09 10:17:10', '00000000-0000-0000-0000-000000000016', true, 22, 'The title of <22>', 'The content of the topic <22>');
insert into topic (id, board_id, date, author_id, publicly_available, nb_posts, title, content) values ('00000000-0000-0000-0000-000000000017', '00000000-0000-0000-0000-000000000003', '2018-12-08 11:18:10', '00000000-0000-0000-0000-000000000017', true, 23, 'The title of <23>', 'The content of the topic <23>');
insert into topic (id, board_id, date, author_id, publicly_available, nb_posts, title, content) values ('00000000-0000-0000-0000-000000000018', '00000000-0000-0000-0000-000000000004', '2018-12-07 12:19:10', '00000000-0000-0000-0000-000000000018', true, 24, 'The title of <24>', 'The content of the topic <24>');
insert into topic (id, board_id, date, author_id, publicly_available, nb_posts, title, content) values ('00000000-0000-0000-0000-000000000019', '00000000-0000-0000-0000-000000000005', '2018-12-06 13:20:10', '00000000-0000-0000-0000-000000000019', true, 25, 'The title of <25>', 'The content of the topic <25>');
insert into topic (id, board_id, date, author_id, publicly_available, nb_posts, title, content) values ('00000000-0000-0000-0000-00000000001A', '00000000-0000-0000-0000-000000000006', '2018-12-05 14:21:10', '00000000-0000-0000-0000-00000000001A', true, 26, 'The title of <26>', 'The content of the topic <26>');
insert into topic (id, board_id, date, author_id, publicly_available, nb_posts, title, content) values ('00000000-0000-0000-0000-00000000001B', '00000000-0000-0000-0000-000000000007', '2018-12-04 15:22:10', '00000000-0000-0000-0000-00000000001B', true, 27, 'The title of <27>', 'The content of the topic <27>');
insert into topic (id, board_id, date, author_id, publicly_available, nb_posts, title, content) values ('00000000-0000-0000-0000-00000000001C', '00000000-0000-0000-0000-000000000008', '2018-12-03 16:23:10', '00000000-0000-0000-0000-00000000001C', true, 28, 'The title of <28>', 'The content of the topic <28>');
insert into topic (id, board_id, date, author_id, publicly_available, nb_posts, title, content) values ('00000000-0000-0000-0000-00000000001D', '00000000-0000-0000-0000-000000000009', '2018-12-02 17:24:10', '00000000-0000-0000-0000-00000000001D', false, 29, 'The title of <29>', 'The content of the topic <29>');
insert into topic (id, board_id, date, author_id, publicly_available, nb_posts, title, content) values ('00000000-0000-0000-0000-00000000001E', '00000000-0000-0000-0000-00000000000A', '2018-12-01 18:25:10', '00000000-0000-0000-0000-00000000001E', true, 30, 'The title of <30>', 'The content of the topic <30>');
insert into topic (id, board_id, date, author_id, publicly_available, nb_posts, title, content) values ('00000000-0000-0000-0000-00000000001F', '00000000-0000-0000-0000-000000000001', '2018-11-30 19:26:10', '00000000-0000-0000-0000-00000000001F', true, 31, 'The title of <31>', 'The content of the topic <31>');
insert into topic (id, board_id, date, author_id, publicly_available, nb_posts, title, content) values ('00000000-0000-0000-0000-000000000020', '00000000-0000-0000-0000-000000000002', '2018-11-29 20:27:10', '00000000-0000-0000-0000-000000000020', true, 32, 'The title of <32>', 'The content of the topic <32>');
insert into topic (id, board_id, date, author_id, publicly_available, nb_posts, title, content) values ('00000000-0000-0000-0000-000000000021', '00000000-0000-0000-0000-000000000003', '2018-11-28 21:28:10', '00000000-0000-0000-0000-000000000021', true, 33, 'The title of <33>', 'The content of the topic <33>');
insert into topic (id, board_id, date, author_id, publicly_available, nb_posts, title, content) values ('00000000-0000-0000-0000-000000000022', '00000000-0000-0000-0000-000000000004', '2018-11-27 22:29:10', '00000000-0000-0000-0000-000000000022', true, 34, 'The title of <34>', 'The content of the topic <34>');
insert into topic (id, board_id, date, author_id, publicly_available, nb_posts, title, content) values ('00000000-0000-0000-0000-000000000023', '00000000-0000-0000-0000-000000000005', '2018-11-26 23:30:10', '00000000-0000-0000-0000-000000000023', true, 35, 'The title of <35>', 'The content of the topic <35>');
insert into topic (id, board_id, date, author_id, publicly_available, nb_posts, title, content) values ('00000000-0000-0000-0000-000000000024', '00000000-0000-0000-0000-000000000006', '2018-11-26 00:31:10', '00000000-0000-0000-0000-000000000024', true, 36, 'The title of <36>', 'The content of the topic <36>');
insert into topic (id, board_id, date, author_id, publicly_available, nb_posts, title, content) values ('00000000-0000-0000-0000-000000000025', '00000000-0000-0000-0000-000000000007', '2018-11-25 01:32:10', '00000000-0000-0000-0000-000000000025', true, 37, 'The title of <37>', 'The content of the topic <37>');
insert into topic (id, board_id, date, author_id, publicly_available, nb_posts, title, content) values ('00000000-0000-0000-0000-000000000026', '00000000-0000-0000-0000-000000000008', '2018-11-24 02:33:10', '00000000-0000-0000-0000-000000000026', true, 38, 'The title of <38>', 'The content of the topic <38>');
insert into topic (id, board_id, date, author_id, publicly_available, nb_posts, title, content) values ('00000000-0000-0000-0000-000000000027', '00000000-0000-0000-0000-000000000009', '2018-11-23 03:34:10', '00000000-0000-0000-0000-000000000027', false, 39, 'The title of <39>', 'The content of the topic <39>');
insert into topic (id, board_id, date, author_id, publicly_available, nb_posts, title, content) values ('00000000-0000-0000-0000-000000000028', '00000000-0000-0000-0000-00000000000A', '2018-11-22 04:35:10', '00000000-0000-0000-0000-000000000028', true, 40, 'The title of <40>', 'The content of the topic <40>');
insert into topic (id, board_id, date, author_id, publicly_available, nb_posts, title, content) values ('00000000-0000-0000-0000-000000000029', '00000000-0000-0000-0000-000000000001', '2018-11-21 05:36:10', '00000000-0000-0000-0000-000000000029', true, 41, 'The title of <41>', 'The content of the topic <41>');
insert into topic (id, board_id, date, author_id, publicly_available, nb_posts, title, content) values ('00000000-0000-0000-0000-00000000002A', '00000000-0000-0000-0000-000000000002', '2018-11-20 06:37:10', '00000000-0000-0000-0000-00000000002A', true, 42, 'The title of <42>', 'The content of the topic <42>');
insert into topic (id, board_id, date, author_id, publicly_available, nb_posts, title, content) values ('00000000-0000-0000-0000-00000000002B', '00000000-0000-0000-0000-000000000003', '2018-11-19 07:38:10', '00000000-0000-0000-0000-00000000002B', true, 43, 'The title of <43>', 'The content of the topic <43>');
insert into topic (id, board_id, date, author_id, publicly_available, nb_posts, title, content) values ('00000000-0000-0000-0000-00000000002C', '00000000-0000-0000-0000-000000000004', '2018-11-18 08:39:10', '00000000-0000-0000-0000-00000000002C', true, 44, 'The title of <44>', 'The content of the topic <44>');
insert into post (id, topic_id, date, author_id, publicly_available, title, content) values ('00000000-0000-0000-0000-000000000001', '00000000-0000-0000-0000-000000000001', '2018-12-30 12:56:10', '00000000-0000-0000-0000-000000000001', true, 'The title of <1>', 'The content of the post <1>');
insert into post (id, topic_id, date, author_id, publicly_available, title, content) values ('00000000-0000-0000-0000-000000000002', '00000000-0000-0000-0000-000000000002', '2018-12-29 13:57:10', '00000000-0000-0000-0000-000000000002', true, 'The title of <2>', 'The content of the post <2>');
insert into post (id, topic_id, date, author_id, publicly_available, title, content) values ('00000000-0000-0000-0000-000000000003', '00000000-0000-0000-0000-000000000003', '2018-12-28 14:58:10', '00000000-0000-0000-0000-000000000003', true, 'The title of <3>', 'The content of the post <3>');
insert into post (id, topic_id, date, author_id, publicly_available, title, content) values ('00000000-0000-0000-0000-000000000004', '00000000-0000-0000-0000-000000000004', '2018-12-27 15:59:10', '00000000-0000-0000-0000-000000000004', true, 'The title of <4>', 'The content of the post <4>');
insert into post (id, topic_id, date, author_id, publicly_available, title, content) values ('00000000-0000-0000-0000-000000000005', '00000000-0000-0000-0000-000000000005', '2018-12-26 17:00:10', '00000000-0000-0000-0000-000000000005', true, 'The title of <5>', 'The content of the post <5>');
insert into post (id, topic_id, date, author_id, publicly_available, title, content) values ('00000000-0000-0000-0000-000000000006', '00000000-0000-0000-0000-000000000006', '2018-12-25 18:01:10', '00000000-0000-0000-0000-000000000006', true, 'The title of <6>', 'The content of the post <6>');
insert into post (id, topic_id, date, author_id, publicly_available, title, content) values ('00000000-0000-0000-0000-000000000007', '00000000-0000-0000-0000-000000000007', '2018-12-24 19:02:10', '00000000-0000-0000-0000-000000000007', true, 'The title of <7>', 'The content of the post <7>');
insert into post (id, topic_id, date, author_id, publicly_available, title, content) values ('00000000-0000-0000-0000-000000000008', '00000000-0000-0000-0000-000000000008', '2018-12-23 20:03:10', '00000000-0000-0000-0000-000000000008', true, 'The title of <8>', 'The content of the post <8>');
insert into post (id, topic_id, date, author_id, publicly_available, title, content) values ('00000000-0000-0000-0000-000000000009', '00000000-0000-0000-0000-000000000009', '2018-12-22 21:04:10', '00000000-0000-0000-0000-000000000009', false, 'The title of <9>', 'The content of the post <9>');
insert into post (id, topic_id, date, author_id, publicly_available, title, content) values ('00000000-0000-0000-0000-00000000000A', '00000000-0000-0000-0000-00000000000A', '2018-12-21 22:05:10', '00000000-0000-0000-0000-00000000000A', true, 'The title of <10>', 'The content of the post <10>');
insert into post (id, topic_id, date, author_id, publicly_available, title, content) values ('00000000-0000-0000-0000-00000000000B', '00000000-0000-0000-0000-00000000000B', '2018-12-20 23:06:10', '00000000-0000-0000-0000-00000000000B', true, 'The title of <11>', 'The content of the post <11>');
insert into post (id, topic_id, date, author_id, publicly_available, title, content) values ('00000000-0000-0000-0000-00000000000C', '00000000-0000-0000-0000-00000000000C', '2018-12-20 00:07:10', '00000000-0000-0000-0000-00000000000C', true, 'The title of <12>', 'The content of the post <12>');
insert into post (id, topic_id, date, author_id, publicly_available, title, content) values ('00000000-0000-0000-0000-00000000000D', '00000000-0000-0000-0000-00000000000D', '2018-12-19 01:08:10', '00000000-0000-0000-0000-00000000000D', true, 'The title of <13>', 'The content of the post <13>');
insert into post (id, topic_id, date, author_id, publicly_available, title, content) values ('00000000-0000-0000-0000-00000000000E', '00000000-0000-0000-0000-00000000000E', '2018-12-18 02:09:10', '00000000-0000-0000-0000-00000000000E', true, 'The title of <14>', 'The content of the post <14>');
insert into post (id, topic_id, date, author_id, publicly_available, title, content) values ('00000000-0000-0000-0000-00000000000F', '00000000-0000-0000-0000-00000000000F', '2018-12-17 02:10:10', '00000000-0000-0000-0000-00000000000F', true, 'The title of <15>', 'The content of the post <15>');
insert into post (id, topic_id, date, author_id, publicly_available, title, content) values ('00000000-0000-0000-0000-000000000010', '00000000-0000-0000-0000-000000000010', '2018-12-16 03:11:10', '00000000-0000-0000-0000-000000000010', true, 'The title of <16>', 'The content of the post <16>');
insert into post (id, topic_id, date, author_id, publicly_available, title, content) values ('00000000-0000-0000-0000-000000000011', '00000000-0000-0000-0000-000000000011', '2018-12-15 04:12:10', '00000000-0000-0000-0000-000000000011', true, 'The title of <17>', 'The content of the post <17>');
insert into post (id, topic_id, date, author_id, publicly_available, title, content) values ('00000000-0000-0000-0000-000000000012', '00000000-0000-0000-0000-000000000012', '2018-12-14 05:13:10', '00000000-0000-0000-0000-000000000012', true, 'The title of <18>', 'The content of the post <18>');
insert into post (id, topic_id, date, author_id, publicly_available, title, content) values ('00000000-0000-0000-0000-000000000013', '00000000-0000-0000-0000-000000000013', '2018-12-13 06:14:10', '00000000-0000-0000-0000-000000000013', false, 'The title of <19>', 'The content of the post <19>');
insert into post (id, topic_id, date, author_id, publicly_available, title, content) values ('00000000-0000-0000-0000-000000000014', '00000000-0000-0000-0000-000000000014', '2018-12-12 07:15:10', '00000000-0000-0000-0000-000000000014', true, 'The title of <20>', 'The content of the post <20>');
insert into post (id, topic_id, date, author_id, publicly_available, title, content) values ('00000000-0000-0000-0000-000000000015', '00000000-0000-0000-0000-000000000015', '2018-12-11 08:16:10', '00000000-0000-0000-0000-000000000015', true, 'The title of <21>', 'The content of the post <21>');
insert into post (id, topic_id, date, author_id, publicly_available, title, content) values ('00000000-0000-0000-0000-000000000016', '00000000-0000-0000-0000-000000000016', '2018-12-09 10:17:10', '00000000-0000-0000-0000-000000000016', true, 'The title of <22>', 'The content of the post <22>');
insert into post (id, topic_id, date, author_id, publicly_available, title, content) values ('00000000-0000-0000-0000-000000000017', '00000000-0000-0000-0000-000000000017', '2018-12-08 11:18:10', '00000000-0000-0000-0000-000000000017', true, 'The title of <23>', 'The content of the post <23>');
insert into post (id, topic_id, date, author_id, publicly_available, title, content) values ('00000000-0000-0000-0000-000000000018', '00000000-0000-0000-0000-000000000018', '2018-12-07 12:19:10', '00000000-0000-0000-0000-000000000018', true, 'The title of <24>', 'The content of the post <24>');
insert into post (id, topic_id, date, author_id, publicly_available, title, content) values ('00000000-0000-0000-0000-000000000019', '00000000-0000-0000-0000-000000000019', '2018-12-06 13:20:10', '00000000-0000-0000-0000-000000000019', true, 'The title of <25>', 'The content of the post <25>');
insert into post (id, topic_id, date, author_id, publicly_available, title, content) values ('00000000-0000-0000-0000-00000000001A', '00000000-0000-0000-0000-00000000001A', '2018-12-05 14:21:10', '00000000-0000-0000-0000-00000000001A', true, 'The title of <26>', 'The content of the post <26>');
insert into post (id, topic_id, date, author_id, publicly_available, title, content) values ('00000000-0000-0000-0000-00000000001B', '00000000-0000-0000-0000-00000000001B', '2018-12-04 15:22:10', '00000000-0000-0000-0000-00000000001B', true, 'The title of <27>', 'The content of the post <27>');
insert into post (id, topic_id, date, author_id, publicly_available, title, content) values ('00000000-0000-0000-0000-00000000001C', '00000000-0000-0000-0000-00000000001C', '2018-12-03 16:23:10', '00000000-0000-0000-0000-00000000001C', true, 'The title of <28>', 'The content of the post <28>');
insert into post (id, topic_id, date, author_id, publicly_available, title, content) values ('00000000-0000-0000-0000-00000000001D', '00000000-0000-0000-0000-00000000001D', '2018-12-02 17:24:10', '00000000-0000-0000-0000-00000000001D', false, 'The title of <29>', 'The content of the post <29>');
insert into post (id, topic_id, date, author_id, publicly_available, title, content) values ('00000000-0000-0000-0000-00000000001E', '00000000-0000-0000-0000-00000000001E', '2018-12-01 18:25:10', '00000000-0000-0000-0000-00000000001E', true, 'The title of <30>', 'The content of the post <30>');
insert into post (id, topic_id, date, author_id, publicly_available, title, content) values ('00000000-0000-0000-0000-00000000001F', '00000000-0000-0000-0000-00000000001F', '2018-11-30 19:26:10', '00000000-0000-0000-0000-00000000001F', true, 'The title of <31>', 'The content of the post <31>');
insert into post (id, topic_id, date, author_id, publicly_available, title, content) values ('00000000-0000-0000-0000-000000000020', '00000000-0000-0000-0000-000000000020', '2018-11-29 20:27:10', '00000000-0000-0000-0000-000000000020', true, 'The title of <32>', 'The content of the post <32>');
insert into post (id, topic_id, date, author_id, publicly_available, title, content) values ('00000000-0000-0000-0000-000000000021', '00000000-0000-0000-0000-000000000021', '2018-11-28 21:28:10', '00000000-0000-0000-0000-000000000021', true, 'The title of <33>', 'The content of the post <33>');
insert into post (id, topic_id, date, author_id, publicly_available, title, content) values ('00000000-0000-0000-0000-000000000022', '00000000-0000-0000-0000-000000000022', '2018-11-27 22:29:10', '00000000-0000-0000-0000-000000000022', true, 'The title of <34>', 'The content of the post <34>');
insert into post (id, topic_id, date, author_id, publicly_available, title, content) values ('00000000-0000-0000-0000-000000000023', '00000000-0000-0000-0000-000000000023', '2018-11-26 23:30:10', '00000000-0000-0000-0000-000000000023', true, 'The title of <35>', 'The content of the post <35>');
insert into post (id, topic_id, date, author_id, publicly_available, title, content) values ('00000000-0000-0000-0000-000000000024', '00000000-0000-0000-0000-000000000024', '2018-11-26 00:31:10', '00000000-0000-0000-0000-000000000024', true, 'The title of <36>', 'The content of the post <36>');
insert into post (id, topic_id, date, author_id, publicly_available, title, content) values ('00000000-0000-0000-0000-000000000025', '00000000-0000-0000-0000-000000000025', '2018-11-25 01:32:10', '00000000-0000-0000-0000-000000000025', true, 'The title of <37>', 'The content of the post <37>');
insert into post (id, topic_id, date, author_id, publicly_available, title, content) values ('00000000-0000-0000-0000-000000000026', '00000000-0000-0000-0000-000000000026', '2018-11-24 02:33:10', '00000000-0000-0000-0000-000000000026', true, 'The title of <38>', 'The content of the post <38>');
insert into post (id, topic_id, date, author_id, publicly_available, title, content) values ('00000000-0000-0000-0000-000000000027', '00000000-0000-0000-0000-000000000027', '2018-11-23 03:34:10', '00000000-0000-0000-0000-000000000027', false, 'The title of <39>', 'The content of the post <39>');
insert into post (id, topic_id, date, author_id, publicly_available, title, content) values ('00000000-0000-0000-0000-000000000028', '00000000-0000-0000-0000-000000000028', '2018-11-22 04:35:10', '00000000-0000-0000-0000-000000000028', true, 'The title of <40>', 'The content of the post <40>');
insert into post (id, topic_id, date, author_id, publicly_available, title, content) values ('00000000-0000-0000-0000-000000000029', '00000000-0000-0000-0000-000000000029', '2018-11-21 05:36:10', '00000000-0000-0000-0000-000000000029', true, 'The title of <41>', 'The content of the post <41>');
insert into post (id, topic_id, date, author_id, publicly_available, title, content) values ('00000000-0000-0000-0000-00000000002A', '00000000-0000-0000-0000-00000000002A', '2018-11-20 06:37:10', '00000000-0000-0000-0000-00000000002A', true, 'The title of <42>', 'The content of the post <42>');
insert into post (id, topic_id, date, author_id, publicly_available, title, content) values ('00000000-0000-0000-0000-00000000002B', '00000000-0000-0000-0000-00000000002B', '2018-11-19 07:38:10', '00000000-0000-0000-0000-00000000002B', true, 'The title of <43>', 'The content of the post <43>');
insert into post (id, topic_id, date, author_id, publicly_available, title, content) values ('00000000-0000-0000-0000-00000000002C', '00000000-0000-0000-0000-00000000002C', '2018-11-18 08:39:10', '00000000-0000-0000-0000-00000000002C', true, 'The title of <44>', 'The content of the post <44>');
insert into post (id, topic_id, date, author_id, publicly_available, title, content) values ('00000000-0000-0000-0000-00000000002D', '00000000-0000-0000-0000-000000000001', '2018-11-16 10:40:10', '00000000-0000-0000-0000-000000000001', true, 'The title of <45>', 'The content of the post <45>');
insert into post (id, topic_id, date, author_id, publicly_available, title, content) values ('00000000-0000-0000-0000-00000000002E', '00000000-0000-0000-0000-000000000002', '2018-11-15 11:41:10', '00000000-0000-0000-0000-000000000002', true, 'The title of <46>', 'The content of the post <46>');
insert into post (id, topic_id, date, author_id, publicly_available, title, content) values ('00000000-0000-0000-0000-00000000002F', '00000000-0000-0000-0000-000000000003', '2018-11-14 12:42:10', '00000000-0000-0000-0000-000000000003', true, 'The title of <47>', 'The content of the post <47>');
insert into post (id, topic_id, date, author_id, publicly_available, title, content) values ('00000000-0000-0000-0000-000000000030', '00000000-0000-0000-0000-000000000004', '2018-11-13 13:43:10', '00000000-0000-0000-0000-000000000004', true, 'The title of <48>', 'The content of the post <48>');
insert into post (id, topic_id, date, author_id, publicly_available, title, content) values ('00000000-0000-0000-0000-000000000031', '00000000-0000-0000-0000-000000000005', '2018-11-12 14:44:10', '00000000-0000-0000-0000-000000000005', false, 'The title of <49>', 'The content of the post <49>');
insert into post (id, topic_id, date, author_id, publicly_available, title, content) values ('00000000-0000-0000-0000-000000000032', '00000000-0000-0000-0000-000000000006', '2018-11-11 15:45:10', '00000000-0000-0000-0000-000000000006', true, 'The title of <50>', 'The content of the post <50>');
insert into post (id, topic_id, date, author_id, publicly_available, title, content) values ('00000000-0000-0000-0000-000000000033', '00000000-0000-0000-0000-000000000007', '2018-11-10 16:46:10', '00000000-0000-0000-0000-000000000007', true, 'The title of <51>', 'The content of the post <51>');
insert into post (id, topic_id, date, author_id, publicly_available, title, content) values ('00000000-0000-0000-0000-000000000034', '00000000-0000-0000-0000-000000000008', '2018-11-09 17:47:10', '00000000-0000-0000-0000-000000000008', true, 'The title of <52>', 'The content of the post <52>');
insert into post (id, topic_id, date, author_id, publicly_available, title, content) values ('00000000-0000-0000-0000-000000000035', '00000000-0000-0000-0000-000000000009', '2018-11-08 18:48:10', '00000000-0000-0000-0000-000000000009', true, 'The title of <53>', 'The content of the post <53>');
insert into post (id, topic_id, date, author_id, publicly_available, title, content) values ('00000000-0000-0000-0000-000000000036', '00000000-0000-0000-0000-00000000000A', '2018-11-07 19:49:10', '00000000-0000-0000-0000-00000000000A', true, 'The title of <54>', 'The content of the post <54>');
insert into post (id, topic_id, date, author_id, publicly_available, title, content) values ('00000000-0000-0000-0000-000000000037', '00000000-0000-0000-0000-00000000000B', '2018-11-06 20:50:10', '00000000-0000-0000-0000-00000000000B', true, 'The title of <55>', 'The content of the post <55>');
insert into post (id, topic_id, date, author_id, publicly_available, title, content) values ('00000000-0000-0000-0000-000000000038', '00000000-0000-0000-0000-00000000000C', '2018-11-05 21:51:10', '00000000-0000-0000-0000-00000000000C', true, 'The title of <56>', 'The content of the post <56>');
insert into post (id, topic_id, date, author_id, publicly_available, title, content) values ('00000000-0000-0000-0000-000000000039', '00000000-0000-0000-0000-00000000000D', '2018-11-04 22:52:10', '00000000-0000-0000-0000-00000000000D', true, 'The title of <57>', 'The content of the post <57>');
insert into post (id, topic_id, date, author_id, publicly_available, title, content) values ('00000000-0000-0000-0000-00000000003A', '00000000-0000-0000-0000-00000000000E', '2018-11-03 23:53:10', '00000000-0000-0000-0000-00000000000E', true, 'The title of <58>', 'The content of the post <58>');
insert into post (id, topic_id, date, author_id, publicly_available, title, content) values ('00000000-0000-0000-0000-00000000003B', '00000000-0000-0000-0000-00000000000F', '2018-11-03 00:54:10', '00000000-0000-0000-0000-00000000000F', false, 'The title of <59>', 'The content of the post <59>');
insert into post (id, topic_id, date, author_id, publicly_available, title, content) values ('00000000-0000-0000-0000-00000000003C', '00000000-0000-0000-0000-000000000010', '2018-11-02 01:55:10', '00000000-0000-0000-0000-000000000010', true, 'The title of <60>', 'The content of the post <60>');
insert into post (id, topic_id, date, author_id, publicly_available, title, content) values ('00000000-0000-0000-0000-00000000003D', '00000000-0000-0000-0000-000000000011', '2018-11-01 02:56:10', '00000000-0000-0000-0000-000000000011', true, 'The title of <61>', 'The content of the post <61>');
insert into post (id, topic_id, date, author_id, publicly_available, title, content) values ('00000000-0000-0000-0000-00000000003E', '00000000-0000-0000-0000-000000000012', '2018-10-31 03:57:10', '00000000-0000-0000-0000-000000000012', true, 'The title of <62>', 'The content of the post <62>');
insert into post (id, topic_id, date, author_id, publicly_available, title, content) values ('00000000-0000-0000-0000-00000000003F', '00000000-0000-0000-0000-000000000013', '2018-10-30 04:58:10', '00000000-0000-0000-0000-000000000013', true, 'The title of <63>', 'The content of the post <63>');
insert into post (id, topic_id, date, author_id, publicly_available, title, content) values ('00000000-0000-0000-0000-000000000040', '00000000-0000-0000-0000-000000000014', '2018-10-29 05:59:10', '00000000-0000-0000-0000-000000000014', true, 'The title of <64>', 'The content of the post <64>');
insert into post (id, topic_id, date, author_id, publicly_available, title, content) values ('00000000-0000-0000-0000-000000000041', '00000000-0000-0000-0000-000000000015', '2018-10-28 07:00:10', '00000000-0000-0000-0000-000000000015', true, 'The title of <65>', 'The content of the post <65>');
insert into post (id, topic_id, date, author_id, publicly_available, title, content) values ('00000000-0000-0000-0000-000000000042', '00000000-0000-0000-0000-000000000016', '2018-10-27 08:01:10', '00000000-0000-0000-0000-000000000016', true, 'The title of <66>', 'The content of the post <66>');
insert into post (id, topic_id, date, author_id, publicly_available, title, content) values ('00000000-0000-0000-0000-000000000043', '00000000-0000-0000-0000-000000000017', '2018-10-26 09:02:10', '00000000-0000-0000-0000-000000000017', true, 'The title of <67>', 'The content of the post <67>');
insert into post (id, topic_id, date, author_id, publicly_available, title, content) values ('00000000-0000-0000-0000-000000000044', '00000000-0000-0000-0000-000000000018', '2018-10-24 11:03:10', '00000000-0000-0000-0000-000000000018', true, 'The title of <68>', 'The content of the post <68>');
insert into post (id, topic_id, date, author_id, publicly_available, title, content) values ('00000000-0000-0000-0000-000000000045', '00000000-0000-0000-0000-000000000019', '2018-10-23 12:04:10', '00000000-0000-0000-0000-000000000019', false, 'The title of <69>', 'The content of the post <69>');
insert into post (id, topic_id, date, author_id, publicly_available, title, content) values ('00000000-0000-0000-0000-000000000046', '00000000-0000-0000-0000-00000000001A', '2018-10-22 13:05:10', '00000000-0000-0000-0000-00000000001A', true, 'The title of <70>', 'The content of the post <70>');
insert into post (id, topic_id, date, author_id, publicly_available, title, content) values ('00000000-0000-0000-0000-000000000047', '00000000-0000-0000-0000-00000000001B', '2018-10-21 14:06:10', '00000000-0000-0000-0000-00000000001B', true, 'The title of <71>', 'The content of the post <71>');
insert into post (id, topic_id, date, author_id, publicly_available, title, content) values ('00000000-0000-0000-0000-000000000048', '00000000-0000-0000-0000-00000000001C', '2018-10-20 15:07:10', '00000000-0000-0000-0000-00000000001C', true, 'The title of <72>', 'The content of the post <72>');
insert into post (id, topic_id, date, author_id, publicly_available, title, content) values ('00000000-0000-0000-0000-000000000049', '00000000-0000-0000-0000-00000000001D', '2018-10-19 16:08:10', '00000000-0000-0000-0000-00000000001D', true, 'The title of <73>', 'The content of the post <73>');
insert into post (id, topic_id, date, author_id, publicly_available, title, content) values ('00000000-0000-0000-0000-00000000004A', '00000000-0000-0000-0000-00000000001E', '2018-10-18 17:09:10', '00000000-0000-0000-0000-00000000001E', true, 'The title of <74>', 'The content of the post <74>');
insert into post (id, topic_id, date, author_id, publicly_available, title, content) values ('00000000-0000-0000-0000-00000000004B', '00000000-0000-0000-0000-00000000001F', '2018-10-17 17:10:10', '00000000-0000-0000-0000-00000000001F', true, 'The title of <75>', 'The content of the post <75>');
insert into post (id, topic_id, date, author_id, publicly_available, title, content) values ('00000000-0000-0000-0000-00000000004C', '00000000-0000-0000-0000-000000000020', '2018-10-16 18:11:10', '00000000-0000-0000-0000-000000000020', true, 'The title of <76>', 'The content of the post <76>');
insert into post (id, topic_id, date, author_id, publicly_available, title, content) values ('00000000-0000-0000-0000-00000000004D', '00000000-0000-0000-0000-000000000021', '2018-10-15 19:12:10', '00000000-0000-0000-0000-000000000021', true, 'The title of <77>', 'The content of the post <77>');
insert into post (id, topic_id, date, author_id, publicly_available, title, content) values ('00000000-0000-0000-0000-00000000004E', '00000000-0000-0000-0000-000000000022', '2018-10-14 20:13:10', '00000000-0000-0000-0000-000000000022', true, 'The title of <78>', 'The content of the post <78>');
insert into post (id, topic_id, date, author_id, publicly_available, title, content) values ('00000000-0000-0000-0000-00000000004F', '00000000-0000-0000-0000-000000000023', '2018-10-13 21:14:10', '00000000-0000-0000-0000-000000000023', false, 'The title of <79>', 'The content of the post <79>');
insert into post (id, topic_id, date, author_id, publicly_available, title, content) values ('00000000-0000-0000-0000-000000000050', '00000000-0000-0000-0000-000000000024', '2018-10-12 22:15:10', '00000000-0000-0000-0000-000000000024', true, 'The title of <80>', 'The content of the post <80>');
insert into post (id, topic_id, date, author_id, publicly_available, title, content) values ('00000000-0000-0000-0000-000000000051', '00000000-0000-0000-0000-000000000025', '2018-10-11 23:16:10', '00000000-0000-0000-0000-000000000025', true, 'The title of <81>', 'The content of the post <81>');
insert into post (id, topic_id, date, author_id, publicly_available, title, content) values ('00000000-0000-0000-0000-000000000052', '00000000-0000-0000-0000-000000000026', '2018-10-11 00:17:10', '00000000-0000-0000-0000-000000000026', true, 'The title of <82>', 'The content of the post <82>');
insert into post (id, topic_id, date, author_id, publicly_available, title, content) values ('00000000-0000-0000-0000-000000000053', '00000000-0000-0000-0000-000000000027', '2018-10-10 01:18:10', '00000000-0000-0000-0000-000000000027', true, 'The title of <83>', 'The content of the post <83>');
insert into post (id, topic_id, date, author_id, publicly_available, title, content) values ('00000000-0000-0000-0000-000000000054', '00000000-0000-0000-0000-000000000028', '2018-10-09 02:19:10', '00000000-0000-0000-0000-000000000028', true, 'The title of <84>', 'The content of the post <84>');
insert into post (id, topic_id, date, author_id, publicly_available, title, content) values ('00000000-0000-0000-0000-000000000055', '00000000-0000-0000-0000-000000000029', '2018-10-08 03:20:10', '00000000-0000-0000-0000-000000000029', true, 'The title of <85>', 'The content of the post <85>');
insert into post (id, topic_id, date, author_id, publicly_available, title, content) values ('00000000-0000-0000-0000-000000000056', '00000000-0000-0000-0000-00000000002A', '2018-10-07 04:21:10', '00000000-0000-0000-0000-00000000002A', true, 'The title of <86>', 'The content of the post <86>');
insert into post (id, topic_id, date, author_id, publicly_available, title, content) values ('00000000-0000-0000-0000-000000000057', '00000000-0000-0000-0000-00000000002B', '2018-10-06 05:22:10', '00000000-0000-0000-0000-00000000002B', true, 'The title of <87>', 'The content of the post <87>');
insert into post (id, topic_id, date, author_id, publicly_available, title, content) values ('00000000-0000-0000-0000-000000000058', '00000000-0000-0000-0000-00000000002C', '2018-10-05 06:23:10', '00000000-0000-0000-0000-00000000002C', true, 'The title of <88>', 'The content of the post <88>');
insert into post (id, topic_id, date, author_id, publicly_available, title, content) values ('00000000-0000-0000-0000-000000000059', '00000000-0000-0000-0000-000000000001', '2018-10-04 07:24:10', '00000000-0000-0000-0000-000000000001', false, 'The title of <89>', 'The content of the post <89>');
insert into post (id, topic_id, date, author_id, publicly_available, title, content) values ('00000000-0000-0000-0000-00000000005A', '00000000-0000-0000-0000-000000000002', '2018-10-03 08:25:10', '00000000-0000-0000-0000-000000000002', true, 'The title of <90>', 'The content of the post <90>');
insert into post (id, topic_id, date, author_id, publicly_available, title, content) values ('00000000-0000-0000-0000-00000000005B', '00000000-0000-0000-0000-000000000003', '2018-10-01 10:26:10', '00000000-0000-0000-0000-000000000003', true, 'The title of <91>', 'The content of the post <91>');
insert into post (id, topic_id, date, author_id, publicly_available, title, content) values ('00000000-0000-0000-0000-00000000005C', '00000000-0000-0000-0000-000000000004', '2018-09-30 11:27:10', '00000000-0000-0000-0000-000000000004', true, 'The title of <92>', 'The content of the post <92>');
insert into post (id, topic_id, date, author_id, publicly_available, title, content) values ('00000000-0000-0000-0000-00000000005D', '00000000-0000-0000-0000-000000000005', '2018-09-29 12:28:10', '00000000-0000-0000-0000-000000000005', true, 'The title of <93>', 'The content of the post <93>');
insert into post (id, topic_id, date, author_id, publicly_available, title, content) values ('00000000-0000-0000-0000-00000000005E', '00000000-0000-0000-0000-000000000006', '2018-09-28 13:29:10', '00000000-0000-0000-0000-000000000006', true, 'The title of <94>', 'The content of the post <94>');
insert into post (id, topic_id, date, author_id, publicly_available, title, content) values ('00000000-0000-0000-0000-00000000005F', '00000000-0000-0000-0000-000000000007', '2018-09-27 14:30:10', '00000000-0000-0000-0000-000000000007', true, 'The title of <95>', 'The content of the post <95>');
insert into post (id, topic_id, date, author_id, publicly_available, title, content) values ('00000000-0000-0000-0000-000000000060', '00000000-0000-0000-0000-000000000008', '2018-09-26 15:31:10', '00000000-0000-0000-0000-000000000008', true, 'The title of <96>', 'The content of the post <96>');
insert into post (id, topic_id, date, author_id, publicly_available, title, content) values ('00000000-0000-0000-0000-000000000061', '00000000-0000-0000-0000-000000000009', '2018-09-25 16:32:10', '00000000-0000-0000-0000-000000000009', true, 'The title of <97>', 'The content of the post <97>');
insert into post (id, topic_id, date, author_id, publicly_available, title, content) values ('00000000-0000-0000-0000-000000000062', '00000000-0000-0000-0000-00000000000A', '2018-09-24 17:33:10', '00000000-0000-0000-0000-00000000000A', true, 'The title of <98>', 'The content of the post <98>');
insert into post (id, topic_id, date, author_id, publicly_available, title, content) values ('00000000-0000-0000-0000-000000000063', '00000000-0000-0000-0000-00000000000B', '2018-09-23 18:34:10', '00000000-0000-0000-0000-00000000000B', false, 'The title of <99>', 'The content of the post <99>');
insert into post (id, topic_id, date, author_id, publicly_available, title, content) values ('00000000-0000-0000-0000-000000000064', '00000000-0000-0000-0000-00000000000C', '2018-09-22 19:35:10', '00000000-0000-0000-0000-00000000000C', true, 'The title of <100>', 'The content of the post <100>');
insert into post (id, topic_id, date, author_id, publicly_available, title, content) values ('00000000-0000-0000-0000-000000000065', '00000000-0000-0000-0000-00000000000D', '2018-09-21 20:36:10', '00000000-0000-0000-0000-00000000000D', true, 'The title of <101>', 'The content of the post <101>');
insert into post (id, topic_id, date, author_id, publicly_available, title, content) values ('00000000-0000-0000-0000-000000000066', '00000000-0000-0000-0000-00000000000E', '2018-09-20 21:37:10', '00000000-0000-0000-0000-00000000000E', true, 'The title of <102>', 'The content of the post <102>');
insert into post (id, topic_id, date, author_id, publicly_available, title, content) values ('00000000-0000-0000-0000-000000000067', '00000000-0000-0000-0000-00000000000F', '2018-09-19 22:38:10', '00000000-0000-0000-0000-00000000000F', true, 'The title of <103>', 'The content of the post <103>');
insert into post (id, topic_id, date, author_id, publicly_available, title, content) values ('00000000-0000-0000-0000-000000000068', '00000000-0000-0000-0000-000000000010', '2018-09-18 23:39:10', '00000000-0000-0000-0000-000000000010', true, 'The title of <104>', 'The content of the post <104>');
insert into post (id, topic_id, date, author_id, publicly_available, title, content) values ('00000000-0000-0000-0000-000000000069', '00000000-0000-0000-0000-000000000011', '2018-09-18 00:40:10', '00000000-0000-0000-0000-000000000011', true, 'The title of <105>', 'The content of the post <105>');
insert into post (id, topic_id, date, author_id, publicly_available, title, content) values ('00000000-0000-0000-0000-00000000006A', '00000000-0000-0000-0000-000000000012', '2018-09-17 01:41:10', '00000000-0000-0000-0000-000000000012', true, 'The title of <106>', 'The content of the post <106>');
insert into post (id, topic_id, date, author_id, publicly_available, title, content) values ('00000000-0000-0000-0000-00000000006B', '00000000-0000-0000-0000-000000000013', '2018-09-16 02:42:10', '00000000-0000-0000-0000-000000000013', true, 'The title of <107>', 'The content of the post <107>');
insert into post (id, topic_id, date, author_id, publicly_available, title, content) values ('00000000-0000-0000-0000-00000000006C', '00000000-0000-0000-0000-000000000014', '2018-09-15 03:43:10', '00000000-0000-0000-0000-000000000014', true, 'The title of <108>', 'The content of the post <108>');
insert into post (id, topic_id, date, author_id, publicly_available, title, content) values ('00000000-0000-0000-0000-00000000006D', '00000000-0000-0000-0000-000000000015', '2018-09-14 04:44:10', '00000000-0000-0000-0000-000000000015', false, 'The title of <109>', 'The content of the post <109>');
insert into post (id, topic_id, date, author_id, publicly_available, title, content) values ('00000000-0000-0000-0000-00000000006E', '00000000-0000-0000-0000-000000000016', '2018-09-13 05:45:10', '00000000-0000-0000-0000-000000000016', true, 'The title of <110>', 'The content of the post <110>');
insert into post (id, topic_id, date, author_id, publicly_available, title, content) values ('00000000-0000-0000-0000-00000000006F', '00000000-0000-0000-0000-000000000017', '2018-09-12 06:46:10', '00000000-0000-0000-0000-000000000017', true, 'The title of <111>', 'The content of the post <111>');
insert into post (id, topic_id, date, author_id, publicly_available, title, content) values ('00000000-0000-0000-0000-000000000070', '00000000-0000-0000-0000-000000000018', '2018-09-11 07:47:10', '00000000-0000-0000-0000-000000000018', true, 'The title of <112>', 'The content of the post <112>');
insert into post (id, topic_id, date, author_id, publicly_available, title, content) values ('00000000-0000-0000-0000-000000000071', '00000000-0000-0000-0000-000000000019', '2018-09-10 08:48:10', '00000000-0000-0000-0000-000000000019', true, 'The title of <113>', 'The content of the post <113>');
insert into post (id, topic_id, date, author_id, publicly_available, title, content) values ('00000000-0000-0000-0000-000000000072', '00000000-0000-0000-0000-00000000001A', '2018-09-08 10:49:10', '00000000-0000-0000-0000-00000000001A', true, 'The title of <114>', 'The content of the post <114>');
insert into post (id, topic_id, date, author_id, publicly_available, title, content) values ('00000000-0000-0000-0000-000000000073', '00000000-0000-0000-0000-00000000001B', '2018-09-07 11:50:10', '00000000-0000-0000-0000-00000000001B', true, 'The title of <115>', 'The content of the post <115>');
insert into post (id, topic_id, date, author_id, publicly_available, title, content) values ('00000000-0000-0000-0000-000000000074', '00000000-0000-0000-0000-00000000001C', '2018-09-06 12:51:10', '00000000-0000-0000-0000-00000000001C', true, 'The title of <116>', 'The content of the post <116>');
insert into post (id, topic_id, date, author_id, publicly_available, title, content) values ('00000000-0000-0000-0000-000000000075', '00000000-0000-0000-0000-00000000001D', '2018-09-05 13:52:10', '00000000-0000-0000-0000-00000000001D', true, 'The title of <117>', 'The content of the post <117>');
insert into post (id, topic_id, date, author_id, publicly_available, title, content) values ('00000000-0000-0000-0000-000000000076', '00000000-0000-0000-0000-00000000001E', '2018-09-04 14:53:10', '00000000-0000-0000-0000-00000000001E', true, 'The title of <118>', 'The content of the post <118>');
insert into post (id, topic_id, date, author_id, publicly_available, title, content) values ('00000000-0000-0000-0000-000000000077', '00000000-0000-0000-0000-00000000001F', '2018-09-03 15:54:10', '00000000-0000-0000-0000-00000000001F', false, 'The title of <119>', 'The content of the post <119>');
insert into post (id, topic_id, date, author_id, publicly_available, title, content) values ('00000000-0000-0000-0000-000000000078', '00000000-0000-0000-0000-000000000020', '2018-09-02 16:55:10', '00000000-0000-0000-0000-000000000020', true, 'The title of <120>', 'The content of the post <120>');
insert into post (id, topic_id, date, author_id, publicly_available, title, content) values ('00000000-0000-0000-0000-000000000079', '00000000-0000-0000-0000-000000000021', '2018-09-01 17:56:10', '00000000-0000-0000-0000-000000000021', true, 'The title of <121>', 'The content of the post <121>');
insert into post (id, topic_id, date, author_id, publicly_available, title, content) values ('00000000-0000-0000-0000-00000000007A', '00000000-0000-0000-0000-000000000022', '2018-08-31 18:57:10', '00000000-0000-0000-0000-000000000022', true, 'The title of <122>', 'The content of the post <122>');
insert into post (id, topic_id, date, author_id, publicly_available, title, content) values ('00000000-0000-0000-0000-00000000007B', '00000000-0000-0000-0000-000000000023', '2018-08-30 19:58:10', '00000000-0000-0000-0000-000000000023', true, 'The title of <123>', 'The content of the post <123>');
insert into post (id, topic_id, date, author_id, publicly_available, title, content) values ('00000000-0000-0000-0000-00000000007C', '00000000-0000-0000-0000-000000000024', '2018-08-29 20:59:10', '00000000-0000-0000-0000-000000000024', true, 'The title of <124>', 'The content of the post <124>');
insert into post (id, topic_id, date, author_id, publicly_available, title, content) values ('00000000-0000-0000-0000-00000000007D', '00000000-0000-0000-0000-000000000025', '2018-08-28 22:00:10', '00000000-0000-0000-0000-000000000025', true, 'The title of <125>', 'The content of the post <125>');
insert into post (id, topic_id, date, author_id, publicly_available, title, content) values ('00000000-0000-0000-0000-00000000007E', '00000000-0000-0000-0000-000000000026', '2018-08-27 23:01:10', '00000000-0000-0000-0000-000000000026', true, 'The title of <126>', 'The content of the post <126>');
insert into post (id, topic_id, date, author_id, publicly_available, title, content) values ('00000000-0000-0000-0000-00000000007F', '00000000-0000-0000-0000-000000000027', '2018-08-27 00:02:10', '00000000-0000-0000-0000-000000000027', true, 'The title of <127>', 'The content of the post <127>');
insert into post (id, topic_id, date, author_id, publicly_available, title, content) values ('00000000-0000-0000-0000-000000000080', '00000000-0000-0000-0000-000000000028', '2018-08-26 01:03:10', '00000000-0000-0000-0000-000000000028', true, 'The title of <128>', 'The content of the post <128>');
insert into post (id, topic_id, date, author_id, publicly_available, title, content) values ('00000000-0000-0000-0000-000000000081', '00000000-0000-0000-0000-000000000029', '2018-08-25 02:04:10', '00000000-0000-0000-0000-000000000029', false, 'The title of <129>', 'The content of the post <129>');
insert into post (id, topic_id, date, author_id, publicly_available, title, content) values ('00000000-0000-0000-0000-000000000082', '00000000-0000-0000-0000-00000000002A', '2018-08-24 03:05:10', '00000000-0000-0000-0000-00000000002A', true, 'The title of <130>', 'The content of the post <130>');
insert into post (id, topic_id, date, author_id, publicly_available, title, content) values ('00000000-0000-0000-0000-000000000083', '00000000-0000-0000-0000-00000000002B', '2018-08-23 04:06:10', '00000000-0000-0000-0000-00000000002B', true, 'The title of <131>', 'The content of the post <131>');
insert into post (id, topic_id, date, author_id, publicly_available, title, content) values ('00000000-0000-0000-0000-000000000084', '00000000-0000-0000-0000-00000000002C', '2018-08-22 05:07:10', '00000000-0000-0000-0000-00000000002C', true, 'The title of <132>', 'The content of the post <132>');
insert into post (id, topic_id, date, author_id, publicly_available, title, content) values ('00000000-0000-0000-0000-000000000085', '00000000-0000-0000-0000-000000000001', '2018-08-21 06:08:10', '00000000-0000-0000-0000-000000000001', true, 'The title of <133>', 'The content of the post <133>');
insert into post (id, topic_id, date, author_id, publicly_available, title, content) values ('00000000-0000-0000-0000-000000000086', '00000000-0000-0000-0000-000000000002', '2018-08-20 07:09:10', '00000000-0000-0000-0000-000000000002', true, 'The title of <134>', 'The content of the post <134>');
insert into post (id, topic_id, date, author_id, publicly_available, title, content) values ('00000000-0000-0000-0000-000000000087', '00000000-0000-0000-0000-000000000003', '2018-08-19 07:10:10', '00000000-0000-0000-0000-000000000003', true, 'The title of <135>', 'The content of the post <135>');
insert into post (id, topic_id, date, author_id, publicly_available, title, content) values ('00000000-0000-0000-0000-000000000088', '00000000-0000-0000-0000-000000000004', '2018-08-18 08:11:10', '00000000-0000-0000-0000-000000000004', true, 'The title of <136>', 'The content of the post <136>');
insert into post (id, topic_id, date, author_id, publicly_available, title, content) values ('00000000-0000-0000-0000-000000000089', '00000000-0000-0000-0000-000000000005', '2018-08-16 10:12:10', '00000000-0000-0000-0000-000000000005', true, 'The title of <137>', 'The content of the post <137>');
insert into post (id, topic_id, date, author_id, publicly_available, title, content) values ('00000000-0000-0000-0000-00000000008A', '00000000-0000-0000-0000-000000000006', '2018-08-15 11:13:10', '00000000-0000-0000-0000-000000000006', true, 'The title of <138>', 'The content of the post <138>');
insert into post (id, topic_id, date, author_id, publicly_available, title, content) values ('00000000-0000-0000-0000-00000000008B', '00000000-0000-0000-0000-000000000007', '2018-08-14 12:14:10', '00000000-0000-0000-0000-000000000007', false, 'The title of <139>', 'The content of the post <139>');
insert into post (id, topic_id, date, author_id, publicly_available, title, content) values ('00000000-0000-0000-0000-00000000008C', '00000000-0000-0000-0000-000000000008', '2018-08-13 13:15:10', '00000000-0000-0000-0000-000000000008', true, 'The title of <140>', 'The content of the post <140>');
insert into post (id, topic_id, date, author_id, publicly_available, title, content) values ('00000000-0000-0000-0000-00000000008D', '00000000-0000-0000-0000-000000000009', '2018-08-12 14:16:10', '00000000-0000-0000-0000-000000000009', true, 'The title of <141>', 'The content of the post <141>');
insert into post (id, topic_id, date, author_id, publicly_available, title, content) values ('00000000-0000-0000-0000-00000000008E', '00000000-0000-0000-0000-00000000000A', '2018-08-11 15:17:10', '00000000-0000-0000-0000-00000000000A', true, 'The title of <142>', 'The content of the post <142>');
insert into post (id, topic_id, date, author_id, publicly_available, title, content) values ('00000000-0000-0000-0000-00000000008F', '00000000-0000-0000-0000-00000000000B', '2018-08-10 16:18:10', '00000000-0000-0000-0000-00000000000B', true, 'The title of <143>', 'The content of the post <143>');
insert into post (id, topic_id, date, author_id, publicly_available, title, content) values ('00000000-0000-0000-0000-000000000090', '00000000-0000-0000-0000-00000000000C', '2018-08-09 17:19:10', '00000000-0000-0000-0000-00000000000C', true, 'The title of <144>', 'The content of the post <144>');
insert into post (id, topic_id, date, author_id, publicly_available, title, content) values ('00000000-0000-0000-0000-000000000091', '00000000-0000-0000-0000-00000000000D', '2018-08-08 18:20:10', '00000000-0000-0000-0000-00000000000D', true, 'The title of <145>', 'The content of the post <145>');
insert into post (id, topic_id, date, author_id, publicly_available, title, content) values ('00000000-0000-0000-0000-000000000092', '00000000-0000-0000-0000-00000000000E', '2018-08-07 19:21:10', '00000000-0000-0000-0000-00000000000E', true, 'The title of <146>', 'The content of the post <146>');
insert into post (id, topic_id, date, author_id, publicly_available, title, content) values ('00000000-0000-0000-0000-000000000093', '00000000-0000-0000-0000-00000000000F', '2018-08-06 20:22:10', '00000000-0000-0000-0000-00000000000F', true, 'The title of <147>', 'The content of the post <147>');
insert into post (id, topic_id, date, author_id, publicly_available, title, content) values ('00000000-0000-0000-0000-000000000094', '00000000-0000-0000-0000-000000000010', '2018-08-05 21:23:10', '00000000-0000-0000-0000-000000000010', true, 'The title of <148>', 'The content of the post <148>');
insert into post (id, topic_id, date, author_id, publicly_available, title, content) values ('00000000-0000-0000-0000-000000000095', '00000000-0000-0000-0000-000000000011', '2018-08-04 22:24:10', '00000000-0000-0000-0000-000000000011', false, 'The title of <149>', 'The content of the post <149>');
insert into post (id, topic_id, date, author_id, publicly_available, title, content) values ('00000000-0000-0000-0000-000000000096', '00000000-0000-0000-0000-000000000012', '2018-08-03 23:25:10', '00000000-0000-0000-0000-000000000012', true, 'The title of <150>', 'The content of the post <150>');
insert into post (id, topic_id, date, author_id, publicly_available, title, content) values ('00000000-0000-0000-0000-000000000097', '00000000-0000-0000-0000-000000000013', '2018-08-03 00:26:10', '00000000-0000-0000-0000-000000000013', true, 'The title of <151>', 'The content of the post <151>');
insert into post (id, topic_id, date, author_id, publicly_available, title, content) values ('00000000-0000-0000-0000-000000000098', '00000000-0000-0000-0000-000000000014', '2018-08-02 01:27:10', '00000000-0000-0000-0000-000000000014', true, 'The title of <152>', 'The content of the post <152>');
insert into post (id, topic_id, date, author_id, publicly_available, title, content) values ('00000000-0000-0000-0000-000000000099', '00000000-0000-0000-0000-000000000015', '2018-08-01 02:28:10', '00000000-0000-0000-0000-000000000015', true, 'The title of <153>', 'The content of the post <153>');
insert into post (id, topic_id, date, author_id, publicly_available, title, content) values ('00000000-0000-0000-0000-00000000009A', '00000000-0000-0000-0000-000000000016', '2018-07-31 03:29:10', '00000000-0000-0000-0000-000000000016', true, 'The title of <154>', 'The content of the post <154>');
insert into post (id, topic_id, date, author_id, publicly_available, title, content) values ('00000000-0000-0000-0000-00000000009B', '00000000-0000-0000-0000-000000000017', '2018-07-30 04:30:10', '00000000-0000-0000-0000-000000000017', true, 'The title of <155>', 'The content of the post <155>');
insert into post (id, topic_id, date, author_id, publicly_available, title, content) values ('00000000-0000-0000-0000-00000000009C', '00000000-0000-0000-0000-000000000018', '2018-07-29 05:31:10', '00000000-0000-0000-0000-000000000018', true, 'The title of <156>', 'The content of the post <156>');
insert into post (id, topic_id, date, author_id, publicly_available, title, content) values ('00000000-0000-0000-0000-00000000009D', '00000000-0000-0000-0000-000000000019', '2018-07-28 06:32:10', '00000000-0000-0000-0000-000000000019', true, 'The title of <157>', 'The content of the post <157>');
insert into post (id, topic_id, date, author_id, publicly_available, title, content) values ('00000000-0000-0000-0000-00000000009E', '00000000-0000-0000-0000-00000000001A', '2018-07-27 07:33:10', '00000000-0000-0000-0000-00000000001A', true, 'The title of <158>', 'The content of the post <158>');
insert into post (id, topic_id, date, author_id, publicly_available, title, content) values ('00000000-0000-0000-0000-00000000009F', '00000000-0000-0000-0000-00000000001B', '2018-07-26 08:34:10', '00000000-0000-0000-0000-00000000001B', false, 'The title of <159>', 'The content of the post <159>');
insert into post (id, topic_id, date, author_id, publicly_available, title, content) values ('00000000-0000-0000-0000-0000000000A0', '00000000-0000-0000-0000-00000000001C', '2018-07-24 10:35:10', '00000000-0000-0000-0000-00000000001C', true, 'The title of <160>', 'The content of the post <160>');
insert into post (id, topic_id, date, author_id, publicly_available, title, content) values ('00000000-0000-0000-0000-0000000000A1', '00000000-0000-0000-0000-00000000001D', '2018-07-23 11:36:10', '00000000-0000-0000-0000-00000000001D', true, 'The title of <161>', 'The content of the post <161>');
insert into post (id, topic_id, date, author_id, publicly_available, title, content) values ('00000000-0000-0000-0000-0000000000A2', '00000000-0000-0000-0000-00000000001E', '2018-07-22 12:37:10', '00000000-0000-0000-0000-00000000001E', true, 'The title of <162>', 'The content of the post <162>');
insert into post (id, topic_id, date, author_id, publicly_available, title, content) values ('00000000-0000-0000-0000-0000000000A3', '00000000-0000-0000-0000-00000000001F', '2018-07-21 13:38:10', '00000000-0000-0000-0000-00000000001F', true, 'The title of <163>', 'The content of the post <163>');
insert into post (id, topic_id, date, author_id, publicly_available, title, content) values ('00000000-0000-0000-0000-0000000000A4', '00000000-0000-0000-0000-000000000020', '2018-07-20 14:39:10', '00000000-0000-0000-0000-000000000020', true, 'The title of <164>', 'The content of the post <164>');
insert into post (id, topic_id, date, author_id, publicly_available, title, content) values ('00000000-0000-0000-0000-0000000000A5', '00000000-0000-0000-0000-000000000021', '2018-07-19 15:40:10', '00000000-0000-0000-0000-000000000021', true, 'The title of <165>', 'The content of the post <165>');
insert into post (id, topic_id, date, author_id, publicly_available, title, content) values ('00000000-0000-0000-0000-0000000000A6', '00000000-0000-0000-0000-000000000022', '2018-07-18 16:41:10', '00000000-0000-0000-0000-000000000022', true, 'The title of <166>', 'The content of the post <166>');
insert into post (id, topic_id, date, author_id, publicly_available, title, content) values ('00000000-0000-0000-0000-0000000000A7', '00000000-0000-0000-0000-000000000023', '2018-07-17 17:42:10', '00000000-0000-0000-0000-000000000023', true, 'The title of <167>', 'The content of the post <167>');
insert into post (id, topic_id, date, author_id, publicly_available, title, content) values ('00000000-0000-0000-0000-0000000000A8', '00000000-0000-0000-0000-000000000024', '2018-07-16 18:43:10', '00000000-0000-0000-0000-000000000024', true, 'The title of <168>', 'The content of the post <168>');
insert into post (id, topic_id, date, author_id, publicly_available, title, content) values ('00000000-0000-0000-0000-0000000000A9', '00000000-0000-0000-0000-000000000025', '2018-07-15 19:44:10', '00000000-0000-0000-0000-000000000025', false, 'The title of <169>', 'The content of the post <169>');
insert into post (id, topic_id, date, author_id, publicly_available, title, content) values ('00000000-0000-0000-0000-0000000000AA', '00000000-0000-0000-0000-000000000026', '2018-07-14 20:45:10', '00000000-0000-0000-0000-000000000026', true, 'The title of <170>', 'The content of the post <170>');
insert into post (id, topic_id, date, author_id, publicly_available, title, content) values ('00000000-0000-0000-0000-0000000000AB', '00000000-0000-0000-0000-000000000027', '2018-07-13 21:46:10', '00000000-0000-0000-0000-000000000027', true, 'The title of <171>', 'The content of the post <171>');
insert into post (id, topic_id, date, author_id, publicly_available, title, content) values ('00000000-0000-0000-0000-0000000000AC', '00000000-0000-0000-0000-000000000028', '2018-07-12 22:47:10', '00000000-0000-0000-0000-000000000028', true, 'The title of <172>', 'The content of the post <172>');
insert into post (id, topic_id, date, author_id, publicly_available, title, content) values ('00000000-0000-0000-0000-0000000000AD', '00000000-0000-0000-0000-000000000029', '2018-07-11 23:48:10', '00000000-0000-0000-0000-000000000029', true, 'The title of <173>', 'The content of the post <173>');
insert into post (id, topic_id, date, author_id, publicly_available, title, content) values ('00000000-0000-0000-0000-0000000000AE', '00000000-0000-0000-0000-00000000002A', '2018-07-11 00:49:10', '00000000-0000-0000-0000-00000000002A', true, 'The title of <174>', 'The content of the post <174>');
insert into post (id, topic_id, date, author_id, publicly_available, title, content) values ('00000000-0000-0000-0000-0000000000AF', '00000000-0000-0000-0000-00000000002B', '2018-07-10 01:50:10', '00000000-0000-0000-0000-00000000002B', true, 'The title of <175>', 'The content of the post <175>');
insert into post (id, topic_id, date, author_id, publicly_available, title, content) values ('00000000-0000-0000-0000-0000000000B0', '00000000-0000-0000-0000-00000000002C', '2018-07-09 02:51:10', '00000000-0000-0000-0000-00000000002C', true, 'The title of <176>', 'The content of the post <176>');
insert into post (id, topic_id, date, author_id, publicly_available, title, content) values ('00000000-0000-0000-0000-0000000000B1', '00000000-0000-0000-0000-000000000001', '2018-07-08 03:52:10', '00000000-0000-0000-0000-000000000001', true, 'The title of <177>', 'The content of the post <177>');
insert into post (id, topic_id, date, author_id, publicly_available, title, content) values ('00000000-0000-0000-0000-0000000000B2', '00000000-0000-0000-0000-000000000002', '2018-07-07 04:53:10', '00000000-0000-0000-0000-000000000002', true, 'The title of <178>', 'The content of the post <178>');
insert into post (id, topic_id, date, author_id, publicly_available, title, content) values ('00000000-0000-0000-0000-0000000000B3', '00000000-0000-0000-0000-000000000003', '2018-07-06 05:54:10', '00000000-0000-0000-0000-000000000003', false, 'The title of <179>', 'The content of the post <179>');
insert into post (id, topic_id, date, author_id, publicly_available, title, content) values ('00000000-0000-0000-0000-0000000000B4', '00000000-0000-0000-0000-000000000004', '2018-07-05 06:55:10', '00000000-0000-0000-0000-000000000004', true, 'The title of <180>', 'The content of the post <180>');
insert into post (id, topic_id, date, author_id, publicly_available, title, content) values ('00000000-0000-0000-0000-0000000000B5', '00000000-0000-0000-0000-000000000005', '2018-07-04 07:56:10', '00000000-0000-0000-0000-000000000005', true, 'The title of <181>', 'The content of the post <181>');
insert into post (id, topic_id, date, author_id, publicly_available, title, content) values ('00000000-0000-0000-0000-0000000000B6', '00000000-0000-0000-0000-000000000006', '2018-07-03 08:57:10', '00000000-0000-0000-0000-000000000006', true, 'The title of <182>', 'The content of the post <182>');
insert into post (id, topic_id, date, author_id, publicly_available, title, content) values ('00000000-0000-0000-0000-0000000000B7', '00000000-0000-0000-0000-000000000007', '2018-07-01 10:58:10', '00000000-0000-0000-0000-000000000007', true, 'The title of <183>', 'The content of the post <183>');
insert into post (id, topic_id, date, author_id, publicly_available, title, content) values ('00000000-0000-0000-0000-0000000000B8', '00000000-0000-0000-0000-000000000008', '2018-06-30 11:59:10', '00000000-0000-0000-0000-000000000008', true, 'The title of <184>', 'The content of the post <184>');
insert into post (id, topic_id, date, author_id, publicly_available, title, content) values ('00000000-0000-0000-0000-0000000000B9', '00000000-0000-0000-0000-000000000009', '2018-06-29 13:00:10', '00000000-0000-0000-0000-000000000009', true, 'The title of <185>', 'The content of the post <185>');
insert into post (id, topic_id, date, author_id, publicly_available, title, content) values ('00000000-0000-0000-0000-0000000000BA', '00000000-0000-0000-0000-00000000000A', '2018-06-28 14:01:10', '00000000-0000-0000-0000-00000000000A', true, 'The title of <186>', 'The content of the post <186>');
insert into post (id, topic_id, date, author_id, publicly_available, title, content) values ('00000000-0000-0000-0000-0000000000BB', '00000000-0000-0000-0000-00000000000B', '2018-06-27 15:02:10', '00000000-0000-0000-0000-00000000000B', true, 'The title of <187>', 'The content of the post <187>');
insert into post (id, topic_id, date, author_id, publicly_available, title, content) values ('00000000-0000-0000-0000-0000000000BC', '00000000-0000-0000-0000-00000000000C', '2018-06-26 16:03:10', '00000000-0000-0000-0000-00000000000C', true, 'The title of <188>', 'The content of the post <188>');
insert into post (id, topic_id, date, author_id, publicly_available, title, content) values ('00000000-0000-0000-0000-0000000000BD', '00000000-0000-0000-0000-00000000000D', '2018-06-25 17:04:10', '00000000-0000-0000-0000-00000000000D', false, 'The title of <189>', 'The content of the post <189>');
insert into post (id, topic_id, date, author_id, publicly_available, title, content) values ('00000000-0000-0000-0000-0000000000BE', '00000000-0000-0000-0000-00000000000E', '2018-06-24 18:05:10', '00000000-0000-0000-0000-00000000000E', true, 'The title of <190>', 'The content of the post <190>');
insert into post (id, topic_id, date, author_id, publicly_available, title, content) values ('00000000-0000-0000-0000-0000000000BF', '00000000-0000-0000-0000-00000000000F', '2018-06-23 19:06:10', '00000000-0000-0000-0000-00000000000F', true, 'The title of <191>', 'The content of the post <191>');
insert into post (id, topic_id, date, author_id, publicly_available, title, content) values ('00000000-0000-0000-0000-0000000000C0', '00000000-0000-0000-0000-000000000010', '2018-06-22 20:07:10', '00000000-0000-0000-0000-000000000010', true, 'The title of <192>', 'The content of the post <192>');
insert into post (id, topic_id, date, author_id, publicly_available, title, content) values ('00000000-0000-0000-0000-0000000000C1', '00000000-0000-0000-0000-000000000011', '2018-06-21 21:08:10', '00000000-0000-0000-0000-000000000011', true, 'The title of <193>', 'The content of the post <193>');
insert into post (id, topic_id, date, author_id, publicly_available, title, content) values ('00000000-0000-0000-0000-0000000000C2', '00000000-0000-0000-0000-000000000012', '2018-06-20 22:09:10', '00000000-0000-0000-0000-000000000012', true, 'The title of <194>', 'The content of the post <194>');
insert into post (id, topic_id, date, author_id, publicly_available, title, content) values ('00000000-0000-0000-0000-0000000000C3', '00000000-0000-0000-0000-000000000013', '2018-06-19 22:10:10', '00000000-0000-0000-0000-000000000013', true, 'The title of <195>', 'The content of the post <195>');
insert into post (id, topic_id, date, author_id, publicly_available, title, content) values ('00000000-0000-0000-0000-0000000000C4', '00000000-0000-0000-0000-000000000014', '2018-06-18 23:11:10', '00000000-0000-0000-0000-000000000014', true, 'The title of <196>', 'The content of the post <196>');
insert into post (id, topic_id, date, author_id, publicly_available, title, content) values ('00000000-0000-0000-0000-0000000000C5', '00000000-0000-0000-0000-000000000015', '2018-06-18 00:12:10', '00000000-0000-0000-0000-000000000015', true, 'The title of <197>', 'The content of the post <197>');
insert into post (id, topic_id, date, author_id, publicly_available, title, content) values ('00000000-0000-0000-0000-0000000000C6', '00000000-0000-0000-0000-000000000016', '2018-06-17 01:13:10', '00000000-0000-0000-0000-000000000016', true, 'The title of <198>', 'The content of the post <198>');
insert into post (id, topic_id, date, author_id, publicly_available, title, content) values ('00000000-0000-0000-0000-0000000000C7', '00000000-0000-0000-0000-000000000017', '2018-06-16 02:14:10', '00000000-0000-0000-0000-000000000017', false, 'The title of <199>', 'The content of the post <199>');
insert into post (id, topic_id, date, author_id, publicly_available, title, content) values ('00000000-0000-0000-0000-0000000000C8', '00000000-0000-0000-0000-000000000018', '2018-06-15 03:15:10', '00000000-0000-0000-0000-000000000018', true, 'The title of <200>', 'The content of the post <200>');
insert into post (id, topic_id, date, author_id, publicly_available, title, content) values ('00000000-0000-0000-0000-0000000000C9', '00000000-0000-0000-0000-000000000019', '2018-06-14 04:16:10', '00000000-0000-0000-0000-000000000019', true, 'The title of <201>', 'The content of the post <201>');
insert into post (id, topic_id, date, author_id, publicly_available, title, content) values ('00000000-0000-0000-0000-0000000000CA', '00000000-0000-0000-0000-00000000001A', '2018-06-13 05:17:10', '00000000-0000-0000-0000-00000000001A', true, 'The title of <202>', 'The content of the post <202>');
insert into post (id, topic_id, date, author_id, publicly_available, title, content) values ('00000000-0000-0000-0000-0000000000CB', '00000000-0000-0000-0000-00000000001B', '2018-06-12 06:18:10', '00000000-0000-0000-0000-00000000001B', true, 'The title of <203>', 'The content of the post <203>');
insert into post (id, topic_id, date, author_id, publicly_available, title, content) values ('00000000-0000-0000-0000-0000000000CC', '00000000-0000-0000-0000-00000000001C', '2018-06-11 07:19:10', '00000000-0000-0000-0000-00000000001C', true, 'The title of <204>', 'The content of the post <204>');
insert into post (id, topic_id, date, author_id, publicly_available, title, content) values ('00000000-0000-0000-0000-0000000000CD', '00000000-0000-0000-0000-00000000001D', '2018-06-10 08:20:10', '00000000-0000-0000-0000-00000000001D', true, 'The title of <205>', 'The content of the post <205>');
insert into post (id, topic_id, date, author_id, publicly_available, title, content) values ('00000000-0000-0000-0000-0000000000CE', '00000000-0000-0000-0000-00000000001E', '2018-06-08 10:21:10', '00000000-0000-0000-0000-00000000001E', true, 'The title of <206>', 'The content of the post <206>');
insert into post (id, topic_id, date, author_id, publicly_available, title, content) values ('00000000-0000-0000-0000-0000000000CF', '00000000-0000-0000-0000-00000000001F', '2018-06-07 11:22:10', '00000000-0000-0000-0000-00000000001F', true, 'The title of <207>', 'The content of the post <207>');
insert into post (id, topic_id, date, author_id, publicly_available, title, content) values ('00000000-0000-0000-0000-0000000000D0', '00000000-0000-0000-0000-000000000020', '2018-06-06 12:23:10', '00000000-0000-0000-0000-000000000020', true, 'The title of <208>', 'The content of the post <208>');
insert into post (id, topic_id, date, author_id, publicly_available, title, content) values ('00000000-0000-0000-0000-0000000000D1', '00000000-0000-0000-0000-000000000021', '2018-06-05 13:24:10', '00000000-0000-0000-0000-000000000021', false, 'The title of <209>', 'The content of the post <209>');
insert into post (id, topic_id, date, author_id, publicly_available, title, content) values ('00000000-0000-0000-0000-0000000000D2', '00000000-0000-0000-0000-000000000022', '2018-06-04 14:25:10', '00000000-0000-0000-0000-000000000022', true, 'The title of <210>', 'The content of the post <210>');
insert into post (id, topic_id, date, author_id, publicly_available, title, content) values ('00000000-0000-0000-0000-0000000000D3', '00000000-0000-0000-0000-000000000023', '2018-06-03 15:26:10', '00000000-0000-0000-0000-000000000023', true, 'The title of <211>', 'The content of the post <211>');
insert into post (id, topic_id, date, author_id, publicly_available, title, content) values ('00000000-0000-0000-0000-0000000000D4', '00000000-0000-0000-0000-000000000024', '2018-06-02 16:27:10', '00000000-0000-0000-0000-000000000024', true, 'The title of <212>', 'The content of the post <212>');
insert into post (id, topic_id, date, author_id, publicly_available, title, content) values ('00000000-0000-0000-0000-0000000000D5', '00000000-0000-0000-0000-000000000025', '2018-06-01 17:28:10', '00000000-0000-0000-0000-000000000025', true, 'The title of <213>', 'The content of the post <213>');
insert into post (id, topic_id, date, author_id, publicly_available, title, content) values ('00000000-0000-0000-0000-0000000000D6', '00000000-0000-0000-0000-000000000026', '2018-05-31 18:29:10', '00000000-0000-0000-0000-000000000026', true, 'The title of <214>', 'The content of the post <214>');
insert into post (id, topic_id, date, author_id, publicly_available, title, content) values ('00000000-0000-0000-0000-0000000000D7', '00000000-0000-0000-0000-000000000027', '2018-05-30 19:30:10', '00000000-0000-0000-0000-000000000027', true, 'The title of <215>', 'The content of the post <215>');
insert into post (id, topic_id, date, author_id, publicly_available, title, content) values ('00000000-0000-0000-0000-0000000000D8', '00000000-0000-0000-0000-000000000028', '2018-05-29 20:31:10', '00000000-0000-0000-0000-000000000028', true, 'The title of <216>', 'The content of the post <216>');
insert into post (id, topic_id, date, author_id, publicly_available, title, content) values ('00000000-0000-0000-0000-0000000000D9', '00000000-0000-0000-0000-000000000029', '2018-05-28 21:32:10', '00000000-0000-0000-0000-000000000029', true, 'The title of <217>', 'The content of the post <217>');
insert into post (id, topic_id, date, author_id, publicly_available, title, content) values ('00000000-0000-0000-0000-0000000000DA', '00000000-0000-0000-0000-00000000002A', '2018-05-27 22:33:10', '00000000-0000-0000-0000-00000000002A', true, 'The title of <218>', 'The content of the post <218>');
insert into post (id, topic_id, date, author_id, publicly_available, title, content) values ('00000000-0000-0000-0000-0000000000DB', '00000000-0000-0000-0000-00000000002B', '2018-05-26 23:34:10', '00000000-0000-0000-0000-00000000002B', false, 'The title of <219>', 'The content of the post <219>');
insert into post (id, topic_id, date, author_id, publicly_available, title, content) values ('00000000-0000-0000-0000-0000000000DC', '00000000-0000-0000-0000-00000000002C', '2018-05-26 00:35:10', '00000000-0000-0000-0000-00000000002C', true, 'The title of <220>', 'The content of the post <220>');
insert into post (id, topic_id, date, author_id, publicly_available, title, content) values ('00000000-0000-0000-0000-0000000000DD', '00000000-0000-0000-0000-000000000001', '2018-05-25 01:36:10', '00000000-0000-0000-0000-000000000001', true, 'The title of <221>', 'The content of the post <221>');
insert into post (id, topic_id, date, author_id, publicly_available, title, content) values ('00000000-0000-0000-0000-0000000000DE', '00000000-0000-0000-0000-000000000002', '2018-05-24 02:37:10', '00000000-0000-0000-0000-000000000002', true, 'The title of <222>', 'The content of the post <222>');
insert into post (id, topic_id, date, author_id, publicly_available, title, content) values ('00000000-0000-0000-0000-0000000000DF', '00000000-0000-0000-0000-000000000003', '2018-05-23 03:38:10', '00000000-0000-0000-0000-000000000003', true, 'The title of <223>', 'The content of the post <223>');
insert into post (id, topic_id, date, author_id, publicly_available, title, content) values ('00000000-0000-0000-0000-0000000000E0', '00000000-0000-0000-0000-000000000004', '2018-05-22 04:39:10', '00000000-0000-0000-0000-000000000004', true, 'The title of <224>', 'The content of the post <224>');
insert into post (id, topic_id, date, author_id, publicly_available, title, content) values ('00000000-0000-0000-0000-0000000000E1', '00000000-0000-0000-0000-000000000005', '2018-05-21 05:40:10', '00000000-0000-0000-0000-000000000005', true, 'The title of <225>', 'The content of the post <225>');
insert into post (id, topic_id, date, author_id, publicly_available, title, content) values ('00000000-0000-0000-0000-0000000000E2', '00000000-0000-0000-0000-000000000006', '2018-05-20 06:41:10', '00000000-0000-0000-0000-000000000006', true, 'The title of <226>', 'The content of the post <226>');
insert into post (id, topic_id, date, author_id, publicly_available, title, content) values ('00000000-0000-0000-0000-0000000000E3', '00000000-0000-0000-0000-000000000007', '2018-05-19 07:42:10', '00000000-0000-0000-0000-000000000007', true, 'The title of <227>', 'The content of the post <227>');
insert into post (id, topic_id, date, author_id, publicly_available, title, content) values ('00000000-0000-0000-0000-0000000000E4', '00000000-0000-0000-0000-000000000008', '2018-05-18 08:43:10', '00000000-0000-0000-0000-000000000008', true, 'The title of <228>', 'The content of the post <228>');
insert into post (id, topic_id, date, author_id, publicly_available, title, content) values ('00000000-0000-0000-0000-0000000000E5', '00000000-0000-0000-0000-000000000009', '2018-05-16 10:44:10', '00000000-0000-0000-0000-000000000009', false, 'The title of <229>', 'The content of the post <229>');
insert into post (id, topic_id, date, author_id, publicly_available, title, content) values ('00000000-0000-0000-0000-0000000000E6', '00000000-0000-0000-0000-00000000000A', '2018-05-15 11:45:10', '00000000-0000-0000-0000-00000000000A', true, 'The title of <230>', 'The content of the post <230>');
insert into post (id, topic_id, date, author_id, publicly_available, title, content) values ('00000000-0000-0000-0000-0000000000E7', '00000000-0000-0000-0000-00000000000B', '2018-05-14 12:46:10', '00000000-0000-0000-0000-00000000000B', true, 'The title of <231>', 'The content of the post <231>');
insert into post (id, topic_id, date, author_id, publicly_available, title, content) values ('00000000-0000-0000-0000-0000000000E8', '00000000-0000-0000-0000-00000000000C', '2018-05-13 13:47:10', '00000000-0000-0000-0000-00000000000C', true, 'The title of <232>', 'The content of the post <232>');
insert into post (id, topic_id, date, author_id, publicly_available, title, content) values ('00000000-0000-0000-0000-0000000000E9', '00000000-0000-0000-0000-00000000000D', '2018-05-12 14:48:10', '00000000-0000-0000-0000-00000000000D', true, 'The title of <233>', 'The content of the post <233>');
insert into post (id, topic_id, date, author_id, publicly_available, title, content) values ('00000000-0000-0000-0000-0000000000EA', '00000000-0000-0000-0000-00000000000E', '2018-05-11 15:49:10', '00000000-0000-0000-0000-00000000000E', true, 'The title of <234>', 'The content of the post <234>');
insert into post (id, topic_id, date, author_id, publicly_available, title, content) values ('00000000-0000-0000-0000-0000000000EB', '00000000-0000-0000-0000-00000000000F', '2018-05-10 16:50:10', '00000000-0000-0000-0000-00000000000F', true, 'The title of <235>', 'The content of the post <235>');
insert into post (id, topic_id, date, author_id, publicly_available, title, content) values ('00000000-0000-0000-0000-0000000000EC', '00000000-0000-0000-0000-000000000010', '2018-05-09 17:51:10', '00000000-0000-0000-0000-000000000010', true, 'The title of <236>', 'The content of the post <236>');
insert into post (id, topic_id, date, author_id, publicly_available, title, content) values ('00000000-0000-0000-0000-0000000000ED', '00000000-0000-0000-0000-000000000011', '2018-05-08 18:52:10', '00000000-0000-0000-0000-000000000011', true, 'The title of <237>', 'The content of the post <237>');
insert into post (id, topic_id, date, author_id, publicly_available, title, content) values ('00000000-0000-0000-0000-0000000000EE', '00000000-0000-0000-0000-000000000012', '2018-05-07 19:53:10', '00000000-0000-0000-0000-000000000012', true, 'The title of <238>', 'The content of the post <238>');
insert into post (id, topic_id, date, author_id, publicly_available, title, content) values ('00000000-0000-0000-0000-0000000000EF', '00000000-0000-0000-0000-000000000013', '2018-05-06 20:54:10', '00000000-0000-0000-0000-000000000013', false, 'The title of <239>', 'The content of the post <239>');
insert into post (id, topic_id, date, author_id, publicly_available, title, content) values ('00000000-0000-0000-0000-0000000000F0', '00000000-0000-0000-0000-000000000014', '2018-05-05 21:55:10', '00000000-0000-0000-0000-000000000014', true, 'The title of <240>', 'The content of the post <240>');
insert into post (id, topic_id, date, author_id, publicly_available, title, content) values ('00000000-0000-0000-0000-0000000000F1', '00000000-0000-0000-0000-000000000015', '2018-05-04 22:56:10', '00000000-0000-0000-0000-000000000015', true, 'The title of <241>', 'The content of the post <241>');
insert into post (id, topic_id, date, author_id, publicly_available, title, content) values ('00000000-0000-0000-0000-0000000000F2', '00000000-0000-0000-0000-000000000016', '2018-05-03 23:57:10', '00000000-0000-0000-0000-000000000016', true, 'The title of <242>', 'The content of the post <242>');
insert into post (id, topic_id, date, author_id, publicly_available, title, content) values ('00000000-0000-0000-0000-0000000000F3', '00000000-0000-0000-0000-000000000017', '2018-05-03 00:58:10', '00000000-0000-0000-0000-000000000017', true, 'The title of <243>', 'The content of the post <243>');
insert into post (id, topic_id, date, author_id, publicly_available, title, content) values ('00000000-0000-0000-0000-0000000000F4', '00000000-0000-0000-0000-000000000018', '2018-05-02 01:59:10', '00000000-0000-0000-0000-000000000018', true, 'The title of <244>', 'The content of the post <244>');
insert into post (id, topic_id, date, author_id, publicly_available, title, content) values ('00000000-0000-0000-0000-0000000000F5', '00000000-0000-0000-0000-000000000019', '2018-05-01 03:00:10', '00000000-0000-0000-0000-000000000019', true, 'The title of <245>', 'The content of the post <245>');
insert into post (id, topic_id, date, author_id, publicly_available, title, content) values ('00000000-0000-0000-0000-0000000000F6', '00000000-0000-0000-0000-00000000001A', '2018-04-30 04:01:10', '00000000-0000-0000-0000-00000000001A', true, 'The title of <246>', 'The content of the post <246>');
insert into post (id, topic_id, date, author_id, publicly_available, title, content) values ('00000000-0000-0000-0000-0000000000F7', '00000000-0000-0000-0000-00000000001B', '2018-04-29 05:02:10', '00000000-0000-0000-0000-00000000001B', true, 'The title of <247>', 'The content of the post <247>');
insert into post (id, topic_id, date, author_id, publicly_available, title, content) values ('00000000-0000-0000-0000-0000000000F8', '00000000-0000-0000-0000-00000000001C', '2018-04-28 06:03:10', '00000000-0000-0000-0000-00000000001C', true, 'The title of <248>', 'The content of the post <248>');
insert into post (id, topic_id, date, author_id, publicly_available, title, content) values ('00000000-0000-0000-0000-0000000000F9', '00000000-0000-0000-0000-00000000001D', '2018-04-27 07:04:10', '00000000-0000-0000-0000-00000000001D', false, 'The title of <249>', 'The content of the post <249>');
insert into post (id, topic_id, date, author_id, publicly_available, title, content) values ('00000000-0000-0000-0000-0000000000FA', '00000000-0000-0000-0000-00000000001E', '2018-04-26 08:05:10', '00000000-0000-0000-0000-00000000001E', true, 'The title of <250>', 'The content of the post <250>');
insert into post (id, topic_id, date, author_id, publicly_available, title, content) values ('00000000-0000-0000-0000-0000000000FB', '00000000-0000-0000-0000-00000000001F', '2018-04-25 09:06:10', '00000000-0000-0000-0000-00000000001F', true, 'The title of <251>', 'The content of the post <251>');
insert into post (id, topic_id, date, author_id, publicly_available, title, content) values ('00000000-0000-0000-0000-0000000000FC', '00000000-0000-0000-0000-000000000020', '2018-04-23 11:07:10', '00000000-0000-0000-0000-000000000020', true, 'The title of <252>', 'The content of the post <252>');
insert into post (id, topic_id, date, author_id, publicly_available, title, content) values ('00000000-0000-0000-0000-0000000000FD', '00000000-0000-0000-0000-000000000021', '2018-04-22 12:08:10', '00000000-0000-0000-0000-000000000021', true, 'The title of <253>', 'The content of the post <253>');
insert into post (id, topic_id, date, author_id, publicly_available, title, content) values ('00000000-0000-0000-0000-0000000000FE', '00000000-0000-0000-0000-000000000022', '2018-04-21 13:09:10', '00000000-0000-0000-0000-000000000022', true, 'The title of <254>', 'The content of the post <254>');
insert into post (id, topic_id, date, author_id, publicly_available, title, content) values ('00000000-0000-0000-0000-0000000000FF', '00000000-0000-0000-0000-000000000023', '2018-04-20 13:10:10', '00000000-0000-0000-0000-000000000023', true, 'The title of <255>', 'The content of the post <255>');
insert into post (id, topic_id, date, author_id, publicly_available, title, content) values ('00000000-0000-0000-0000-000000000100', '00000000-0000-0000-0000-000000000024', '2018-04-19 14:11:10', '00000000-0000-0000-0000-000000000024', true, 'The title of <256>', 'The content of the post <256>');
insert into post (id, topic_id, date, author_id, publicly_available, title, content) values ('00000000-0000-0000-0000-000000000101', '00000000-0000-0000-0000-000000000025', '2018-04-18 15:12:10', '00000000-0000-0000-0000-000000000025', true, 'The title of <257>', 'The content of the post <257>');
insert into post (id, topic_id, date, author_id, publicly_available, title, content) values ('00000000-0000-0000-0000-000000000102', '00000000-0000-0000-0000-000000000026', '2018-04-17 16:13:10', '00000000-0000-0000-0000-000000000026', true, 'The title of <258>', 'The content of the post <258>');
insert into post (id, topic_id, date, author_id, publicly_available, title, content) values ('00000000-0000-0000-0000-000000000103', '00000000-0000-0000-0000-000000000027', '2018-04-16 17:14:10', '00000000-0000-0000-0000-000000000027', false, 'The title of <259>', 'The content of the post <259>');
insert into post (id, topic_id, date, author_id, publicly_available, title, content) values ('00000000-0000-0000-0000-000000000104', '00000000-0000-0000-0000-000000000028', '2018-04-15 18:15:10', '00000000-0000-0000-0000-000000000028', true, 'The title of <260>', 'The content of the post <260>');
insert into post (id, topic_id, date, author_id, publicly_available, title, content) values ('00000000-0000-0000-0000-000000000105', '00000000-0000-0000-0000-000000000029', '2018-04-14 19:16:10', '00000000-0000-0000-0000-000000000029', true, 'The title of <261>', 'The content of the post <261>');
insert into post (id, topic_id, date, author_id, publicly_available, title, content) values ('00000000-0000-0000-0000-000000000106', '00000000-0000-0000-0000-00000000002A', '2018-04-13 20:17:10', '00000000-0000-0000-0000-00000000002A', true, 'The title of <262>', 'The content of the post <262>');
insert into post (id, topic_id, date, author_id, publicly_available, title, content) values ('00000000-0000-0000-0000-000000000107', '00000000-0000-0000-0000-00000000002B', '2018-04-12 21:18:10', '00000000-0000-0000-0000-00000000002B', true, 'The title of <263>', 'The content of the post <263>');
insert into post (id, topic_id, date, author_id, publicly_available, title, content) values ('00000000-0000-0000-0000-000000000108', '00000000-0000-0000-0000-00000000002C', '2018-04-11 22:19:10', '00000000-0000-0000-0000-00000000002C', true, 'The title of <264>', 'The content of the post <264>');
insert into post (id, topic_id, date, author_id, publicly_available, title, content) values ('00000000-0000-0000-0000-000000000109', '00000000-0000-0000-0000-000000000001', '2018-04-10 23:20:10', '00000000-0000-0000-0000-000000000001', true, 'The title of <265>', 'The content of the post <265>');
insert into post (id, topic_id, date, author_id, publicly_available, title, content) values ('00000000-0000-0000-0000-00000000010A', '00000000-0000-0000-0000-000000000002', '2018-04-10 00:21:10', '00000000-0000-0000-0000-000000000002', true, 'The title of <266>', 'The content of the post <266>');
insert into post (id, topic_id, date, author_id, publicly_available, title, content) values ('00000000-0000-0000-0000-00000000010B', '00000000-0000-0000-0000-000000000003', '2018-04-09 01:22:10', '00000000-0000-0000-0000-000000000003', true, 'The title of <267>', 'The content of the post <267>');
insert into post (id, topic_id, date, author_id, publicly_available, title, content) values ('00000000-0000-0000-0000-00000000010C', '00000000-0000-0000-0000-000000000004', '2018-04-08 02:23:10', '00000000-0000-0000-0000-000000000004', true, 'The title of <268>', 'The content of the post <268>');
insert into post (id, topic_id, date, author_id, publicly_available, title, content) values ('00000000-0000-0000-0000-00000000010D', '00000000-0000-0000-0000-000000000005', '2018-04-07 03:24:10', '00000000-0000-0000-0000-000000000005', false, 'The title of <269>', 'The content of the post <269>');
insert into post (id, topic_id, date, author_id, publicly_available, title, content) values ('00000000-0000-0000-0000-00000000010E', '00000000-0000-0000-0000-000000000006', '2018-04-06 04:25:10', '00000000-0000-0000-0000-000000000006', true, 'The title of <270>', 'The content of the post <270>');
insert into post (id, topic_id, date, author_id, publicly_available, title, content) values ('00000000-0000-0000-0000-00000000010F', '00000000-0000-0000-0000-000000000007', '2018-04-05 05:26:10', '00000000-0000-0000-0000-000000000007', true, 'The title of <271>', 'The content of the post <271>');
insert into post (id, topic_id, date, author_id, publicly_available, title, content) values ('00000000-0000-0000-0000-000000000110', '00000000-0000-0000-0000-000000000008', '2018-04-04 06:27:10', '00000000-0000-0000-0000-000000000008', true, 'The title of <272>', 'The content of the post <272>');
insert into post (id, topic_id, date, author_id, publicly_available, title, content) values ('00000000-0000-0000-0000-000000000111', '00000000-0000-0000-0000-000000000009', '2018-04-03 07:28:10', '00000000-0000-0000-0000-000000000009', true, 'The title of <273>', 'The content of the post <273>');
insert into post (id, topic_id, date, author_id, publicly_available, title, content) values ('00000000-0000-0000-0000-000000000112', '00000000-0000-0000-0000-00000000000A', '2018-04-02 08:29:10', '00000000-0000-0000-0000-00000000000A', true, 'The title of <274>', 'The content of the post <274>');
insert into post (id, topic_id, date, author_id, publicly_available, title, content) values ('00000000-0000-0000-0000-000000000113', '00000000-0000-0000-0000-00000000000B', '2018-03-31 10:30:10', '00000000-0000-0000-0000-00000000000B', true, 'The title of <275>', 'The content of the post <275>');
insert into post (id, topic_id, date, author_id, publicly_available, title, content) values ('00000000-0000-0000-0000-000000000114', '00000000-0000-0000-0000-00000000000C', '2018-03-30 11:31:10', '00000000-0000-0000-0000-00000000000C', true, 'The title of <276>', 'The content of the post <276>');
insert into post (id, topic_id, date, author_id, publicly_available, title, content) values ('00000000-0000-0000-0000-000000000115', '00000000-0000-0000-0000-00000000000D', '2018-03-29 12:32:10', '00000000-0000-0000-0000-00000000000D', true, 'The title of <277>', 'The content of the post <277>');
insert into post (id, topic_id, date, author_id, publicly_available, title, content) values ('00000000-0000-0000-0000-000000000116', '00000000-0000-0000-0000-00000000000E', '2018-03-28 13:33:10', '00000000-0000-0000-0000-00000000000E', true, 'The title of <278>', 'The content of the post <278>');
insert into post (id, topic_id, date, author_id, publicly_available, title, content) values ('00000000-0000-0000-0000-000000000117', '00000000-0000-0000-0000-00000000000F', '2018-03-27 14:34:10', '00000000-0000-0000-0000-00000000000F', false, 'The title of <279>', 'The content of the post <279>');
insert into post (id, topic_id, date, author_id, publicly_available, title, content) values ('00000000-0000-0000-0000-000000000118', '00000000-0000-0000-0000-000000000010', '2018-03-26 15:35:10', '00000000-0000-0000-0000-000000000010', true, 'The title of <280>', 'The content of the post <280>');
insert into post (id, topic_id, date, author_id, publicly_available, title, content) values ('00000000-0000-0000-0000-000000000119', '00000000-0000-0000-0000-000000000011', '2018-03-25 16:36:10', '00000000-0000-0000-0000-000000000011', true, 'The title of <281>', 'The content of the post <281>');
insert into post (id, topic_id, date, author_id, publicly_available, title, content) values ('00000000-0000-0000-0000-00000000011A', '00000000-0000-0000-0000-000000000012', '2018-03-24 17:37:10', '00000000-0000-0000-0000-000000000012', true, 'The title of <282>', 'The content of the post <282>');
insert into post (id, topic_id, date, author_id, publicly_available, title, content) values ('00000000-0000-0000-0000-00000000011B', '00000000-0000-0000-0000-000000000013', '2018-03-23 18:38:10', '00000000-0000-0000-0000-000000000013', true, 'The title of <283>', 'The content of the post <283>');
insert into post (id, topic_id, date, author_id, publicly_available, title, content) values ('00000000-0000-0000-0000-00000000011C', '00000000-0000-0000-0000-000000000014', '2018-03-22 19:39:10', '00000000-0000-0000-0000-000000000014', true, 'The title of <284>', 'The content of the post <284>');
insert into post (id, topic_id, date, author_id, publicly_available, title, content) values ('00000000-0000-0000-0000-00000000011D', '00000000-0000-0000-0000-000000000015', '2018-03-21 20:40:10', '00000000-0000-0000-0000-000000000015', true, 'The title of <285>', 'The content of the post <285>');
insert into post (id, topic_id, date, author_id, publicly_available, title, content) values ('00000000-0000-0000-0000-00000000011E', '00000000-0000-0000-0000-000000000016', '2018-03-20 21:41:10', '00000000-0000-0000-0000-000000000016', true, 'The title of <286>', 'The content of the post <286>');
insert into post (id, topic_id, date, author_id, publicly_available, title, content) values ('00000000-0000-0000-0000-00000000011F', '00000000-0000-0000-0000-000000000017', '2018-03-19 22:42:10', '00000000-0000-0000-0000-000000000017', true, 'The title of <287>', 'The content of the post <287>');
insert into post (id, topic_id, date, author_id, publicly_available, title, content) values ('00000000-0000-0000-0000-000000000120', '00000000-0000-0000-0000-000000000018', '2018-03-18 23:43:10', '00000000-0000-0000-0000-000000000018', true, 'The title of <288>', 'The content of the post <288>');
insert into post (id, topic_id, date, author_id, publicly_available, title, content) values ('00000000-0000-0000-0000-000000000121', '00000000-0000-0000-0000-000000000019', '2018-03-18 00:44:10', '00000000-0000-0000-0000-000000000019', false, 'The title of <289>', 'The content of the post <289>');
insert into post (id, topic_id, date, author_id, publicly_available, title, content) values ('00000000-0000-0000-0000-000000000122', '00000000-0000-0000-0000-00000000001A', '2018-03-17 01:45:10', '00000000-0000-0000-0000-00000000001A', true, 'The title of <290>', 'The content of the post <290>');
insert into post (id, topic_id, date, author_id, publicly_available, title, content) values ('00000000-0000-0000-0000-000000000123', '00000000-0000-0000-0000-00000000001B', '2018-03-16 02:46:10', '00000000-0000-0000-0000-00000000001B', true, 'The title of <291>', 'The content of the post <291>');
insert into post (id, topic_id, date, author_id, publicly_available, title, content) values ('00000000-0000-0000-0000-000000000124', '00000000-0000-0000-0000-00000000001C', '2018-03-15 03:47:10', '00000000-0000-0000-0000-00000000001C', true, 'The title of <292>', 'The content of the post <292>');
insert into post (id, topic_id, date, author_id, publicly_available, title, content) values ('00000000-0000-0000-0000-000000000125', '00000000-0000-0000-0000-00000000001D', '2018-03-14 04:48:10', '00000000-0000-0000-0000-00000000001D', true, 'The title of <293>', 'The content of the post <293>');
insert into post (id, topic_id, date, author_id, publicly_available, title, content) values ('00000000-0000-0000-0000-000000000126', '00000000-0000-0000-0000-00000000001E', '2018-03-13 05:49:10', '00000000-0000-0000-0000-00000000001E', true, 'The title of <294>', 'The content of the post <294>');
insert into post (id, topic_id, date, author_id, publicly_available, title, content) values ('00000000-0000-0000-0000-000000000127', '00000000-0000-0000-0000-00000000001F', '2018-03-12 06:50:10', '00000000-0000-0000-0000-00000000001F', true, 'The title of <295>', 'The content of the post <295>');
insert into post (id, topic_id, date, author_id, publicly_available, title, content) values ('00000000-0000-0000-0000-000000000128', '00000000-0000-0000-0000-000000000020', '2018-03-11 07:51:10', '00000000-0000-0000-0000-000000000020', true, 'The title of <296>', 'The content of the post <296>');
insert into post (id, topic_id, date, author_id, publicly_available, title, content) values ('00000000-0000-0000-0000-000000000129', '00000000-0000-0000-0000-000000000021', '2018-03-10 08:52:10', '00000000-0000-0000-0000-000000000021', true, 'The title of <297>', 'The content of the post <297>');
insert into post (id, topic_id, date, author_id, publicly_available, title, content) values ('00000000-0000-0000-0000-00000000012A', '00000000-0000-0000-0000-000000000022', '2018-03-08 10:53:10', '00000000-0000-0000-0000-000000000022', true, 'The title of <298>', 'The content of the post <298>');
insert into post (id, topic_id, date, author_id, publicly_available, title, content) values ('00000000-0000-0000-0000-00000000012B', '00000000-0000-0000-0000-000000000023', '2018-03-07 11:54:10', '00000000-0000-0000-0000-000000000023', false, 'The title of <299>', 'The content of the post <299>');
insert into post (id, topic_id, date, author_id, publicly_available, title, content) values ('00000000-0000-0000-0000-00000000012C', '00000000-0000-0000-0000-000000000024', '2018-03-06 12:55:10', '00000000-0000-0000-0000-000000000024', true, 'The title of <300>', 'The content of the post <300>');
insert into post (id, topic_id, date, author_id, publicly_available, title, content) values ('00000000-0000-0000-0000-00000000012D', '00000000-0000-0000-0000-000000000025', '2018-03-05 13:56:10', '00000000-0000-0000-0000-000000000025', true, 'The title of <301>', 'The content of the post <301>');
insert into post (id, topic_id, date, author_id, publicly_available, title, content) values ('00000000-0000-0000-0000-00000000012E', '00000000-0000-0000-0000-000000000026', '2018-03-04 14:57:10', '00000000-0000-0000-0000-000000000026', true, 'The title of <302>', 'The content of the post <302>');
insert into post (id, topic_id, date, author_id, publicly_available, title, content) values ('00000000-0000-0000-0000-00000000012F', '00000000-0000-0000-0000-000000000027', '2018-03-03 15:58:10', '00000000-0000-0000-0000-000000000027', true, 'The title of <303>', 'The content of the post <303>');
insert into post (id, topic_id, date, author_id, publicly_available, title, content) values ('00000000-0000-0000-0000-000000000130', '00000000-0000-0000-0000-000000000028', '2018-03-02 16:59:10', '00000000-0000-0000-0000-000000000028', true, 'The title of <304>', 'The content of the post <304>');
insert into post (id, topic_id, date, author_id, publicly_available, title, content) values ('00000000-0000-0000-0000-000000000131', '00000000-0000-0000-0000-000000000029', '2018-03-01 18:00:10', '00000000-0000-0000-0000-000000000029', true, 'The title of <305>', 'The content of the post <305>');
insert into post (id, topic_id, date, author_id, publicly_available, title, content) values ('00000000-0000-0000-0000-000000000132', '00000000-0000-0000-0000-00000000002A', '2018-02-28 19:01:10', '00000000-0000-0000-0000-00000000002A', true, 'The title of <306>', 'The content of the post <306>');
insert into post (id, topic_id, date, author_id, publicly_available, title, content) values ('00000000-0000-0000-0000-000000000133', '00000000-0000-0000-0000-00000000002B', '2018-02-27 20:02:10', '00000000-0000-0000-0000-00000000002B', true, 'The title of <307>', 'The content of the post <307>');
insert into post (id, topic_id, date, author_id, publicly_available, title, content) values ('00000000-0000-0000-0000-000000000134', '00000000-0000-0000-0000-00000000002C', '2018-02-26 21:03:10', '00000000-0000-0000-0000-00000000002C', true, 'The title of <308>', 'The content of the post <308>');
insert into post (id, topic_id, date, author_id, publicly_available, title, content) values ('00000000-0000-0000-0000-000000000135', '00000000-0000-0000-0000-000000000001', '2018-02-25 22:04:10', '00000000-0000-0000-0000-000000000001', false, 'The title of <309>', 'The content of the post <309>');
insert into post (id, topic_id, date, author_id, publicly_available, title, content) values ('00000000-0000-0000-0000-000000000136', '00000000-0000-0000-0000-000000000002', '2018-02-24 23:05:10', '00000000-0000-0000-0000-000000000002', true, 'The title of <310>', 'The content of the post <310>');
insert into post (id, topic_id, date, author_id, publicly_available, title, content) values ('00000000-0000-0000-0000-000000000137', '00000000-0000-0000-0000-000000000003', '2018-02-24 00:06:10', '00000000-0000-0000-0000-000000000003', true, 'The title of <311>', 'The content of the post <311>');
insert into post (id, topic_id, date, author_id, publicly_available, title, content) values ('00000000-0000-0000-0000-000000000138', '00000000-0000-0000-0000-000000000004', '2018-02-23 01:07:10', '00000000-0000-0000-0000-000000000004', true, 'The title of <312>', 'The content of the post <312>');
insert into post (id, topic_id, date, author_id, publicly_available, title, content) values ('00000000-0000-0000-0000-000000000139', '00000000-0000-0000-0000-000000000005', '2018-02-22 02:08:10', '00000000-0000-0000-0000-000000000005', true, 'The title of <313>', 'The content of the post <313>');
insert into post (id, topic_id, date, author_id, publicly_available, title, content) values ('00000000-0000-0000-0000-00000000013A', '00000000-0000-0000-0000-000000000006', '2018-02-21 03:09:10', '00000000-0000-0000-0000-000000000006', true, 'The title of <314>', 'The content of the post <314>');
insert into post (id, topic_id, date, author_id, publicly_available, title, content) values ('00000000-0000-0000-0000-00000000013B', '00000000-0000-0000-0000-000000000007', '2018-02-20 03:10:10', '00000000-0000-0000-0000-000000000007', true, 'The title of <315>', 'The content of the post <315>');
insert into post (id, topic_id, date, author_id, publicly_available, title, content) values ('00000000-0000-0000-0000-00000000013C', '00000000-0000-0000-0000-000000000008', '2018-02-19 04:11:10', '00000000-0000-0000-0000-000000000008', true, 'The title of <316>', 'The content of the post <316>');
insert into post (id, topic_id, date, author_id, publicly_available, title, content) values ('00000000-0000-0000-0000-00000000013D', '00000000-0000-0000-0000-000000000009', '2018-02-18 05:12:10', '00000000-0000-0000-0000-000000000009', true, 'The title of <317>', 'The content of the post <317>');
insert into post (id, topic_id, date, author_id, publicly_available, title, content) values ('00000000-0000-0000-0000-00000000013E', '00000000-0000-0000-0000-00000000000A', '2018-02-17 06:13:10', '00000000-0000-0000-0000-00000000000A', true, 'The title of <318>', 'The content of the post <318>');
insert into post (id, topic_id, date, author_id, publicly_available, title, content) values ('00000000-0000-0000-0000-00000000013F', '00000000-0000-0000-0000-00000000000B', '2018-02-16 07:14:10', '00000000-0000-0000-0000-00000000000B', false, 'The title of <319>', 'The content of the post <319>');
insert into post (id, topic_id, date, author_id, publicly_available, title, content) values ('00000000-0000-0000-0000-000000000140', '00000000-0000-0000-0000-00000000000C', '2018-02-15 08:15:10', '00000000-0000-0000-0000-00000000000C', true, 'The title of <320>', 'The content of the post <320>');
commit;













































































































